,alpha,beta,emit,sig1,sig2,sig3,converge
scipy x 0,0.40536478084607885,16.96635988857264,6.738703482176028e-07,3.241112347130433,5.324991217931619,9.672011647993251,1.0
gekko x 0,0.26070272111,16.429959212,6.2953847065e-07,3.241112347130433,5.324991217931619,9.672011647993251,1.0
scipy x 1,0.42188671050476634,16.39474602053976,6.807211724134082e-07,3.191474810331948,5.398877786542566,9.908421039074938,1.0
gekko x 1,0.26070272111,16.429959212,6.2953847065e-07,3.191474810331948,5.398877786542566,9.908421039074938,1.0
scipy x 2,0.31094328575999086,17.360537428968694,6.81884867111306e-07,3.3388222245861514,5.458950843218384,9.614375383402518,1.0
gekko x 2,0.26070272111,16.429959212,6.2953847065e-07,3.3388222245861514,5.458950843218384,9.614375383402518,1.0
scipy x 3,0.2883908774211144,17.82203626091716,6.753464534731819e-07,3.377623913739258,5.434049998871229,9.462603277284618,1.0
gekko x 3,0.26070272111,16.429959212,6.2953847065e-07,3.377623913739258,5.434049998871229,9.462603277284618,1.0
scipy x 4,0.21641114491544872,17.916950896045485,6.350977627985472e-07,3.3121774203327266,5.403385103790489,9.229879379651136,1.0
gekko x 4,0.26070272111,16.429959212,6.2953847065e-07,3.3121774203327266,5.403385103790489,9.229879379651136,1.0
scipy x 5,0.45345284388452906,15.03060156935442,6.292715551740612e-07,2.915097133820672,5.347205316382777,10.016235926125404,1.0
gekko x 5,0.26070272111,16.429959212,6.2953847065e-07,2.915097133820672,5.347205316382777,10.016235926125404,1.0
scipy x 6,0.4198268689916422,17.50317495478211,7.302990632016806e-07,3.4247098508501317,5.465874898892371,9.915128005464224,1.0
gekko x 6,0.26070272111,16.429959212,6.2953847065e-07,3.4247098508501317,5.465874898892371,9.915128005464224,1.0
scipy x 7,0.33724847728771945,17.4747919485391,6.700928040211726e-07,3.310675651494075,5.357312253463873,9.491645479327508,1.0
gekko x 7,0.26070272111,16.429959212,6.2953847065e-07,3.310675651494075,5.357312253463873,9.491645479327508,1.0
scipy x 8,0.25078821669765394,15.928161265129141,6.238658621925646e-07,3.0772454924244164,5.45983047240967,9.619190113540412,1.0
gekko x 8,0.26070272111,16.429959212,6.2953847065e-07,3.0772454924244164,5.45983047240967,9.619190113540412,1.0
scipy x 9,0.4244873569900099,15.586954052269554,6.626883557953225e-07,3.0633521246389277,5.4288864514731205,10.044292476471544,1.0
gekko x 9,0.26070272111,16.429959212,6.2953847065e-07,3.0633521246389277,5.4288864514731205,10.044292476471544,1.0
scipy x 10,0.5046536063102283,17.833194413383406,7.195816978622039e-07,3.3988843795344446,5.294827592941143,9.824345089086624,1.0
gekko x 10,0.26070272111,16.429959212,6.2953847065e-07,3.3988843795344446,5.294827592941143,9.824345089086624,1.0
scipy x 11,0.2946307947141612,16.370890112145663,6.418239304252903e-07,3.1479267276716234,5.417048430914182,9.60369367344675,1.0
gekko x 11,0.26070272111,16.429959212,6.2953847065e-07,3.1479267276716234,5.417048430914182,9.60369367344675,1.0
scipy x 12,0.3143206593281843,16.09404591947538,6.478462074047654e-07,3.1266202629652122,5.440654754963422,9.72374657489232,1.0
gekko x 12,0.26070272111,16.429959212,6.2953847065e-07,3.1266202629652122,5.440654754963422,9.72374657489232,1.0
scipy x 13,0.11461657018689038,16.01217247595256,5.360173596115377e-07,2.9109390889078335,5.310010700174871,9.070091228413965,1.0
gekko x 13,0.26070272111,16.429959212,6.2953847065e-07,2.9109390889078335,5.310010700174871,9.070091228413965,1.0
scipy x 14,-0.024082562587543887,16.833999466828384,5.076194714645425e-07,2.95352420463586,5.42787999190999,8.976509231873386,1.0
gekko x 14,0.26070272111,16.429959212,6.2953847065e-07,2.95352420463586,5.42787999190999,8.976509231873386,1.0
scipy x 15,0.4445681684070508,16.698389223476063,7.008106684690397e-07,3.260844621442928,5.416231098367599,9.976630929532913,1.0
gekko x 15,0.26070272111,16.429959212,6.2953847065e-07,3.260844621442928,5.416231098367599,9.976630929532913,1.0
scipy x 16,0.24819664271779507,16.31545046530839,6.057622497699968e-07,3.071066812947858,5.346345744504274,9.373614997296638,1.0
gekko x 16,0.26070272111,16.429959212,6.2953847065e-07,3.071066812947858,5.346345744504274,9.373614997296638,1.0
scipy x 17,0.2695494999858507,16.36292721727764,6.10928889674657e-07,3.0803369875509428,5.327259862201444,9.384945743854992,1.0
gekko x 17,0.26070272111,16.429959212,6.2953847065e-07,3.0803369875509428,5.327259862201444,9.384945743854992,1.0
scipy x 18,0.177930137430946,18.572961305263426,6.114196581220571e-07,3.324450469612073,5.3427674289122535,8.97552429897069,1.0
gekko x 18,0.26070272111,16.429959212,6.2953847065e-07,3.324450469612073,5.3427674289122535,8.97552429897069,1.0
scipy x 19,0.38206167898805904,17.039724715024896,7.098301241178381e-07,3.343859950046003,5.488501747606775,9.894827336924097,1.0
gekko x 19,0.26070272111,16.429959212,6.2953847065e-07,3.343859950046003,5.488501747606775,9.894827336924097,1.0
scipy x 20,-0.007740260772182307,16.030974159041808,4.95399045292378e-07,2.8440012575748863,5.377334059431711,8.993396931503437,1.0
gekko x 20,0.26070272111,16.429959212,6.2953847065e-07,2.8440012575748863,5.377334059431711,8.993396931503437,1.0
scipy x 21,0.4558372866330544,14.862555376936045,6.264082024292664e-07,2.889723870949059,5.359394734331151,10.058181220974605,1.0
gekko x 21,0.26070272111,16.429959212,6.2953847065e-07,2.889723870949059,5.359394734331151,10.058181220974605,1.0
scipy x 22,0.14989836164752487,19.09379194016941,6.35328846437736e-07,3.447168083768858,5.482986683348926,9.098835333756174,1.0
gekko x 22,0.26070272111,16.429959212,6.2953847065e-07,3.447168083768858,5.482986683348926,9.098835333756174,1.0
scipy x 23,0.351748421942203,14.5795827496117,5.834482048854129e-07,2.802192126308838,5.300430369194254,9.706247703862045,1.0
gekko x 23,0.26070272111,16.429959212,6.2953847065e-07,2.802192126308838,5.300430369194254,9.706247703862045,1.0
scipy x 24,0.4741198805543818,15.861955900553001,6.655234503597124e-07,3.0782443932158707,5.360944287640396,10.032139275808126,1.0
gekko x 24,0.26070272111,16.429959212,6.2953847065e-07,3.0782443932158707,5.360944287640396,10.032139275808126,1.0
scipy x 25,0.2796266319159698,16.664854332683934,6.36566825256194e-07,3.1701984466265767,5.39111235057562,9.490259064481908,1.0
gekko x 25,0.26070272111,16.429959212,6.2953847065e-07,3.1701984466265767,5.39111235057562,9.490259064481908,1.0
scipy x 26,0.18220652825802952,17.493097356137273,5.946673189371741e-07,3.178897052423583,5.328691775008408,9.076072104773047,1.0
gekko x 26,0.26070272111,16.429959212,6.2953847065e-07,3.178897052423583,5.328691775008408,9.076072104773047,1.0
scipy x 27,0.19482212000510227,15.701199078623372,6.027629692524966e-07,3.02482236189338,5.491916548279275,9.573329976665084,1.0
gekko x 27,0.26070272111,16.429959212,6.2953847065e-07,3.02482236189338,5.491916548279275,9.573329976665084,1.0
scipy x 28,0.37461138927118565,16.48448366349656,6.451471145781606e-07,3.135174407743325,5.301300225095977,9.592026680355007,1.0
gekko x 28,0.26070272111,16.429959212,6.2953847065e-07,3.135174407743325,5.301300225095977,9.592026680355007,1.0
scipy x 29,0.5617063573267255,17.546982703512775,7.286719746096268e-07,3.366446038979833,5.318416755025835,10.069530418941964,1.0
gekko x 29,0.26070272111,16.429959212,6.2953847065e-07,3.366446038979833,5.318416755025835,10.069530418941964,1.0
scipy x 30,0.4234873886415361,18.448279399449447,7.143625318501253e-07,3.482409623936623,5.30946819754322,9.544206920100853,1.0
gekko x 30,0.26070272111,16.429959212,6.2953847065e-07,3.482409623936623,5.30946819754322,9.544206920100853,1.0
scipy x 31,0.42841202184960775,18.029829309218083,7.3024237102847e-07,3.4758731181131375,5.400704554633765,9.767586582525706,1.0
gekko x 31,0.26070272111,16.429959212,6.2953847065e-07,3.4758731181131375,5.400704554633765,9.767586582525706,1.0
scipy x 32,0.15995965798025852,14.790368163666846,5.452479370149382e-07,2.8045624142622234,5.381257539108559,9.40163597826383,1.0
gekko x 32,0.26070272111,16.429959212,6.2953847065e-07,2.8045624142622234,5.381257539108559,9.40163597826383,1.0
scipy x 33,0.3144419705213554,16.254522559001042,6.235215721488555e-07,3.0832916204648115,5.32023337828462,9.492831971714997,1.0
gekko x 33,0.26070272111,16.429959212,6.2953847065e-07,3.0832916204648115,5.32023337828462,9.492831971714997,1.0
scipy x 34,-1.0,20.0,2e-07,3.413621618592187,5.529524562244243,8.965081719765847,0.0
gekko x 34,0.26070272111,16.429959212,6.2953847065e-07,3.413621618592187,5.529524562244243,8.965081719765847,1.0
scipy x 35,0.49479414930690957,17.25955968207874,7.20128771975698e-07,3.3440563487321846,5.372820260487139,9.99273579210668,1.0
gekko x 35,0.26070272111,16.429959212,6.2953847065e-07,3.3440563487321846,5.372820260487139,9.99273579210668,1.0
scipy x 36,0.21448003933870177,18.270033723429062,6.610378033515464e-07,3.4137908176929552,5.492419565157414,9.338306510235688,1.0
gekko x 36,0.26070272111,16.429959212,6.2953847065e-07,3.4137908176929552,5.492419565157414,9.338306510235688,1.0
scipy x 37,0.14669501883163572,17.86619282007497,6.187985345140009e-07,3.2911716554225987,5.489312508211866,9.237764035205641,1.0
gekko x 37,0.26070272111,16.429959212,6.2953847065e-07,3.2911716554225987,5.489312508211866,9.237764035205641,1.0
scipy x 38,-0.07835469339476872,17.16735726777242,4.988128175345677e-07,2.974541546743233,5.499309607513146,8.99984225793552,1.0
gekko x 38,0.26070272111,16.429959212,6.2953847065e-07,2.974541546743233,5.499309607513146,8.99984225793552,1.0
scipy x 39,0.36924696333705204,17.23961086357369,6.690448367811635e-07,3.271721909462531,5.326278992862258,9.546953064247026,1.0
gekko x 39,0.26070272111,16.429959212,6.2953847065e-07,3.271721909462531,5.326278992862258,9.546953064247026,1.0
scipy x 40,-0.017997426058884002,16.913165794402367,5.259955206063905e-07,3.0111308830911265,5.50457551266685,9.102954581451176,1.0
gekko x 40,0.26070272111,16.429959212,6.2953847065e-07,3.0111308830911265,5.50457551266685,9.102954581451176,1.0
scipy x 41,0.5178152235551602,17.781746384488038,7.40045939467543e-07,3.4359581058648434,5.3634981353228275,9.997471910135404,1.0
gekko x 41,0.26070272111,16.429959212,6.2953847065e-07,3.4359581058648434,5.3634981353228275,9.997471910135404,1.0
scipy x 42,0.5079028354477192,16.989997008417728,7.10015090668974e-07,3.2865986387700605,5.357535239985687,10.027790419528928,1.0
gekko x 42,0.26070272111,16.429959212,6.2953847065e-07,3.2865986387700605,5.357535239985687,10.027790419528928,1.0
scipy x 43,0.2303517718058687,15.498397066811364,6.121642736392993e-07,3.0138633619908632,5.489686813026602,9.6690511968274,1.0
gekko x 43,0.26070272111,16.429959212,6.2953847065e-07,3.0138633619908632,5.489686813026602,9.6690511968274,1.0
scipy x 44,0.37485776514743674,15.164339953439034,6.09152814170439e-07,2.914050836949664,5.3098870689920314,9.730691737106104,1.0
gekko x 44,0.26070272111,16.429959212,6.2953847065e-07,2.914050836949664,5.3098870689920314,9.730691737106104,1.0
scipy x 45,0.26218850982933334,14.670317318905642,5.9018873415597e-07,2.8641761773418435,5.434838634491502,9.727338881385846,1.0
gekko x 45,0.26070272111,16.429959212,6.2953847065e-07,2.8641761773418435,5.434838634491502,9.727338881385846,1.0
scipy x 46,0.20965956678873143,18.90622507097692,6.565596392540685e-07,3.4641138347630767,5.44482264814526,9.17609950466152,1.0
gekko x 46,0.26070272111,16.429959212,6.2953847065e-07,3.4641138347630767,5.44482264814526,9.17609950466152,1.0
scipy x 47,0.45182106126020477,15.266153260576095,6.410647627438897e-07,2.967951469651933,5.362709623403974,10.02241948658799,1.0
gekko x 47,0.26070272111,16.429959212,6.2953847065e-07,2.967951469651933,5.362709623403974,10.02241948658799,1.0
scipy x 48,0.20292934939404234,15.733687008285726,5.952763346960152e-07,3.005920861936052,5.439026229736511,9.495136937711031,1.0
gekko x 48,0.26070272111,16.429959212,6.2953847065e-07,3.005920861936052,5.439026229736511,9.495136937711031,1.0
scipy x 49,0.3470864488679587,17.40912027464563,6.761500196179748e-07,3.315066785346646,5.371773199347636,9.55051472397369,1.0
gekko x 49,0.26070272111,16.429959212,6.2953847065e-07,3.315066785346646,5.371773199347636,9.55051472397369,1.0
scipy x 50,0.4091040788643063,17.798392487621257,7.349976681129008e-07,3.471093667736567,5.467739089018523,9.855830346045092,1.0
gekko x 50,0.26070272111,16.429959212,6.2953847065e-07,3.471093667736567,5.467739089018523,9.855830346045092,1.0
scipy x 51,0.2352501948570376,14.342055024541354,5.766693359095236e-07,2.809271290284563,5.4553909980299755,9.734605507979518,1.0
gekko x 51,0.26070272111,16.429959212,6.2953847065e-07,2.809271290284563,5.4553909980299755,9.734605507979518,1.0
scipy x 52,0.2747880853335673,15.633875109748283,5.998842728227042e-07,2.9790749359049755,5.345339900951942,9.502947446109552,1.0
gekko x 52,0.26070272111,16.429959212,6.2953847065e-07,2.9790749359049755,5.345339900951942,9.502947446109552,1.0
scipy x 53,0.32666774299487417,14.162737602663308,6.006311550736373e-07,2.8103149085114603,5.466591446257801,9.985010787216499,1.0
gekko x 53,0.26070272111,16.429959212,6.2953847065e-07,2.8103149085114603,5.466591446257801,9.985010787216499,1.0
scipy x 54,0.29118850870258156,18.315899231721165,6.90774301468946e-07,3.4637582487738605,5.452020476155312,9.445934693612978,1.0
gekko x 54,0.26070272111,16.429959212,6.2953847065e-07,3.4637582487738605,5.452020476155312,9.445934693612978,1.0
scipy x 55,0.4570048040508904,16.465619447954623,6.659048295207914e-07,3.1494748438625173,5.296100417429613,9.81163547958331,1.0
gekko x 55,0.26070272111,16.429959212,6.2953847065e-07,3.1494748438625173,5.296100417429613,9.81163547958331,1.0
scipy x 56,0.2599832065276243,18.02346154725464,6.498143848510649e-07,3.343597933289066,5.369020909698742,9.25853018728451,1.0
gekko x 56,0.26070272111,16.429959212,6.2953847065e-07,3.343597933289066,5.369020909698742,9.25853018728451,1.0
scipy x 57,0.2927375007353865,15.570534578345725,6.104157924576843e-07,2.9915475167090255,5.371289765232697,9.598424187598868,1.0
gekko x 57,0.26070272111,16.429959212,6.2953847065e-07,2.9915475167090255,5.371289765232697,9.598424187598868,1.0
scipy x 58,0.2171666024869121,17.408659697641266,6.02396084131697e-07,3.178359927967306,5.297345220162795,9.104586995321688,1.0
gekko x 58,0.26070272111,16.429959212,6.2953847065e-07,3.178359927967306,5.297345220162795,9.104586995321688,1.0
scipy x 59,0.429581801670187,16.075074319154428,6.512310229232425e-07,3.085533431073852,5.312350022715865,9.799898295158497,1.0
gekko x 59,0.26070272111,16.429959212,6.2953847065e-07,3.085533431073852,5.312350022715865,9.799898295158497,1.0
scipy x 60,0.31059443580328333,17.559799919257525,6.833055919838985e-07,3.362437975840108,5.447550053998711,9.571733495165242,1.0
gekko x 60,0.26070272111,16.429959212,6.2953847065e-07,3.362437975840108,5.447550053998711,9.571733495165242,1.0
scipy x 61,0.0641167257773053,18.65446685834049,5.867432853048005e-07,3.30518954255571,5.497778365776949,9.025489542022404,1.0
gekko x 61,0.26070272111,16.429959212,6.2953847065e-07,3.30518954255571,5.497778365776949,9.025489542022404,1.0
scipy x 62,0.32182195857689677,14.115503890692244,6.011107758828009e-07,2.8085351045983886,5.481408688611571,10.00443953212539,1.0
gekko x 62,0.26070272111,16.429959212,6.2953847065e-07,2.8085351045983886,5.481408688611571,10.00443953212539,1.0
scipy x 63,0.026839115587130046,15.177862499081252,5.215897968970966e-07,2.8292403657296794,5.505352474519677,9.344091974149041,1.0
gekko x 63,0.26070272111,16.429959212,6.2953847065e-07,2.8292403657296794,5.505352474519677,9.344091974149041,1.0
scipy x 64,0.2465115303784463,18.30394277480453,6.329924489101648e-07,3.3315820421704956,5.306131053072778,9.088569983185582,1.0
gekko x 64,0.26070272111,16.429959212,6.2953847065e-07,3.3315820421704956,5.306131053072778,9.088569983185582,1.0
scipy x 65,0.4835435552111999,16.83214191669587,6.860196062912055e-07,3.2241282921138734,5.305650746544639,9.87302932363615,1.0
gekko x 65,0.26070272111,16.429959212,6.2953847065e-07,3.2241282921138734,5.305650746544639,9.87302932363615,1.0
scipy x 66,-0.10552951567060471,16.47831336052241,4.804880048702025e-07,2.8724744919244047,5.510619593317085,9.058867203998263,1.0
gekko x 66,0.26070272111,16.429959212,6.2953847065e-07,2.8724744919244047,5.510619593317085,9.058867203998263,1.0
scipy x 67,0.2591562053191408,15.558373213742938,6.118331183193328e-07,3.0073743538101763,5.4321450022203805,9.627792313811607,1.0
gekko x 67,0.26070272111,16.429959212,6.2953847065e-07,3.0073743538101763,5.4321450022203805,9.627792313811607,1.0
scipy x 68,0.22054653441988473,15.206584951616254,5.696898416072674e-07,2.883109272687012,5.343882083183915,9.419883685187846,1.0
gekko x 68,0.26070272111,16.429959212,6.2953847065e-07,2.883109272687012,5.343882083183915,9.419883685187846,1.0
scipy x 69,0.2777488954188592,18.277471068693785,6.916774804056941e-07,3.4675814544823162,5.48472711589959,9.47309153311212,1.0
gekko x 69,0.26070272111,16.429959212,6.2953847065e-07,3.4675814544823162,5.48472711589959,9.47309153311212,1.0
scipy x 70,0.31692621615743427,17.93262387466873,6.992273454968456e-07,3.436380877582465,5.467387609167745,9.582109334263919,1.0
gekko x 70,0.26070272111,16.429959212,6.2953847065e-07,3.436380877582465,5.467387609167745,9.582109334263919,1.0
scipy x 71,0.13438972572745927,15.223401384245644,5.628514202597336e-07,2.9011364313713752,5.47261411752242,9.466927801730892,1.0
gekko x 71,0.26070272111,16.429959212,6.2953847065e-07,2.9011364313713752,5.47261411752242,9.466927801730892,1.0
scipy x 72,0.09125444552130497,15.820698642737774,5.553215911653895e-07,2.954129023289934,5.4727024574795,9.326438235808553,1.0
gekko x 72,0.26070272111,16.429959212,6.2953847065e-07,2.954129023289934,5.4727024574795,9.326438235808553,1.0
scipy x 73,0.34339099187450517,15.290814795116683,6.214114585802356e-07,2.969194106026813,5.383079100939101,9.772462409506996,1.0
gekko x 73,0.26070272111,16.429959212,6.2953847065e-07,2.969194106026813,5.383079100939101,9.772462409506996,1.0
scipy x 74,0.18811654844907968,18.022031367687323,6.516956490190315e-07,3.376225044441151,5.527819020320663,9.369067234521268,1.0
gekko x 74,0.26070272111,16.429959212,6.2953847065e-07,3.376225044441151,5.527819020320663,9.369067234521268,1.0
scipy x 75,0.3662185913873066,17.138292341538083,6.891712614726857e-07,3.3114484502736077,5.420459745003158,9.717966881592416,1.0
gekko x 75,0.26070272111,16.429959212,6.2953847065e-07,3.3114484502736077,5.420459745003158,9.717966881592416,1.0
scipy x 76,0.06182480891744682,18.90561738335955,5.880264338612269e-07,3.331603100696732,5.497321368258404,8.994859161727241,1.0
gekko x 76,0.26070272111,16.429959212,6.2953847065e-07,3.331603100696732,5.497321368258404,8.994859161727241,1.0
scipy x 77,0.010107652813824365,15.831441600095724,5.068998712941822e-07,2.8529697679687382,5.411613031254044,9.095050654292764,1.0
gekko x 77,0.26070272111,16.429959212,6.2953847065e-07,2.8529697679687382,5.411613031254044,9.095050654292764,1.0
scipy x 78,0.348917190920743,14.07632343857398,6.046788964093274e-07,2.8013282533310093,5.473954594654146,10.060494279156085,1.0
gekko x 78,0.26070272111,16.429959212,6.2953847065e-07,2.8013282533310093,5.473954594654146,10.060494279156085,1.0
scipy x 79,0.1522038273553551,16.58181155882227,5.760666822282014e-07,3.05645253863532,5.375941943600954,9.193519060186755,1.0
gekko x 79,0.26070272111,16.429959212,6.2953847065e-07,3.05645253863532,5.375941943600954,9.193519060186755,1.0
scipy x 80,0.411401889950593,16.600839116549707,6.948923797706257e-07,3.2506268245882577,5.441797875972106,9.937591303534125,1.0
gekko x 80,0.26070272111,16.429959212,6.2953847065e-07,3.2506268245882577,5.441797875972106,9.937591303534125,1.0
scipy x 81,0.2642249217130254,18.505512159532447,6.739843968647507e-07,3.450296705206627,5.424996952924194,9.311543509760503,1.0
gekko x 81,0.26070272111,16.429959212,6.2953847065e-07,3.450296705206627,5.424996952924194,9.311543509760503,1.0
scipy x 82,-0.019981407833669612,18.08721937235609,5.434859400212103e-07,3.162609279285958,5.531797811345631,9.025944134634313,1.0
gekko x 82,0.26070272111,16.429959212,6.2953847065e-07,3.162609279285958,5.531797811345631,9.025944134634313,1.0
scipy x 83,0.4935199316463481,17.315012015476004,7.340304296375358e-07,3.3826317135409227,5.418837736045181,10.069274036052242,1.0
gekko x 83,0.26070272111,16.429959212,6.2953847065e-07,3.3826317135409227,5.418837736045181,10.069274036052242,1.0
scipy x 84,0.3029583334047856,17.423046489913084,6.765368215112493e-07,3.335171176048581,5.445898151009609,9.56399896102557,1.0
gekko x 84,0.26070272111,16.429959212,6.2953847065e-07,3.335171176048581,5.445898151009609,9.56399896102557,1.0
scipy x 85,0.382730865585358,15.038935521700392,6.258328262240906e-07,2.93737443282807,5.39107253909555,9.91098112118361,1.0
gekko x 85,0.26070272111,16.429959212,6.2953847065e-07,2.93737443282807,5.39107253909555,9.91098112118361,1.0
scipy x 86,0.312847599639804,16.02605974436984,6.460187346785256e-07,3.1158961060404557,5.442738031679655,9.730608723976072,1.0
gekko x 86,0.26070272111,16.429959212,6.2953847065e-07,3.1158961060404557,5.442738031679655,9.730608723976072,1.0
scipy x 87,0.3260111856398907,17.697977484338264,6.997219364561143e-07,3.4102943250823126,5.473352868839729,9.64264233354167,1.0
gekko x 87,0.26070272111,16.429959212,6.2953847065e-07,3.4102943250823126,5.473352868839729,9.64264233354167,1.0
scipy x 88,0.12669824938765178,18.660861252682814,6.261269943450129e-07,3.391452259487117,5.521601434254732,9.16773841687992,1.0
gekko x 88,0.26070272111,16.429959212,6.2953847065e-07,3.391452259487117,5.521601434254732,9.16773841687992,1.0
scipy x 89,0.23915069619149235,18.699010413869708,6.650632062193908e-07,3.4555317686766913,5.428187744489171,9.236540254453583,1.0
gekko x 89,0.26070272111,16.429959212,6.2953847065e-07,3.4555317686766913,5.428187744489171,9.236540254453583,1.0
scipy x 90,0.32660842833449616,17.000499240596227,6.64411523683918e-07,3.2535279435105493,5.396064891007826,9.582450454247544,1.0
gekko x 90,0.26070272111,16.429959212,6.2953847065e-07,3.2535279435105493,5.396064891007826,9.582450454247544,1.0
scipy x 91,0.3461532581891885,16.337176824595517,6.797514994262297e-07,3.214684673288062,5.497771945892175,9.884749295679491,1.0
gekko x 91,0.26070272111,16.429959212,6.2953847065e-07,3.214684673288062,5.497771945892175,9.884749295679491,1.0
scipy x 92,0.37732433526367587,14.982677471897928,6.211258099254203e-07,2.922701077635914,5.384168069582265,9.889223661875944,1.0
gekko x 92,0.26070272111,16.429959212,6.2953847065e-07,2.922701077635914,5.384168069582265,9.889223661875944,1.0
scipy x 93,0.29124339977531377,18.505312273640435,6.59936162363915e-07,3.403700293824057,5.315306907704514,9.188424670248276,1.0
gekko x 93,0.26070272111,16.429959212,6.2953847065e-07,3.403700293824057,5.315306907704514,9.188424670248276,1.0
scipy x 94,0.3296758459977821,15.043008530539277,5.966460990817751e-07,2.889995707699388,5.323165845599216,9.652345622070307,1.0
gekko x 94,0.26070272111,16.429959212,6.2953847065e-07,2.889995707699388,5.323165845599216,9.652345622070307,1.0
scipy x 95,0.3048818912831205,14.312145083250993,5.96494909742507e-07,2.8251709222738857,5.452359713971792,9.893094765582589,1.0
gekko x 95,0.26070272111,16.429959212,6.2953847065e-07,2.8251709222738857,5.452359713971792,9.893094765582589,1.0
scipy x 96,0.33020787176244487,17.490623638753444,6.616197777908121e-07,3.294041754308158,5.333362572739277,9.42905422829662,1.0
gekko x 96,0.26070272111,16.429959212,6.2953847065e-07,3.294041754308158,5.333362572739277,9.42905422829662,1.0
scipy x 97,0.3320285140629325,14.93000962854614,6.377508670429212e-07,2.975066918367263,5.515635392111214,10.01800360537699,1.0
gekko x 97,0.26070272111,16.429959212,6.2953847065e-07,2.975066918367263,5.515635392111214,10.01800360537699,1.0
scipy x 98,0.44472898941063216,16.43318835912639,6.974466176304699e-07,3.2249162092739914,5.436057088066766,10.038394705145551,1.0
gekko x 98,0.26070272111,16.429959212,6.2953847065e-07,3.2249162092739914,5.436057088066766,10.038394705145551,1.0
scipy x 99,0.22708786991913926,16.391592534821253,5.896067722609501e-07,3.0452824798873843,5.305561771479937,9.246976877634738,1.0
gekko x 99,0.26070272111,16.429959212,6.2953847065e-07,3.0452824798873843,5.305561771479937,9.246976877634738,1.0
scipy x 100,0.35253441867608903,17.116477357744643,6.907702479830213e-07,3.318663666409325,5.449493660336033,9.734668648382517,1.0
gekko x 100,0.26070272111,16.429959212,6.2953847065e-07,3.318663666409325,5.449493660336033,9.734668648382517,1.0
scipy x 101,0.11495643869592158,16.507062885645205,5.705514901848837e-07,3.049014101146092,5.436852604499508,9.235542910978983,1.0
gekko x 101,0.26070272111,16.429959212,6.2953847065e-07,3.049014101146092,5.436852604499508,9.235542910978983,1.0
scipy x 102,0.3208611088852948,17.89338195577644,6.744808000400713e-07,3.369596930105904,5.366089924383136,9.419071017353366,1.0
gekko x 102,0.26070272111,16.429959212,6.2953847065e-07,3.369596930105904,5.366089924383136,9.419071017353366,1.0
scipy x 103,0.08449557135941217,17.57351659283584,5.566702188847721e-07,3.1183578567790677,5.365618763911669,8.951883426256112,1.0
gekko x 103,0.26070272111,16.429959212,6.2953847065e-07,3.1183578567790677,5.365618763911669,8.951883426256112,1.0
scipy x 104,0.35275664636650594,18.129183637826486,6.945526495965233e-07,3.430133212841904,5.370834032526291,9.486893898061904,1.0
gekko x 104,0.26070272111,16.429959212,6.2953847065e-07,3.430133212841904,5.370834032526291,9.486893898061904,1.0
scipy x 105,0.14408161057789567,16.20983600598242,5.924889105373824e-07,3.0677039613050754,5.500784349604139,9.430782756091348,1.0
gekko x 105,0.26070272111,16.429959212,6.2953847065e-07,3.0677039613050754,5.500784349604139,9.430782756091348,1.0
scipy x 106,0.25814813369585543,16.643119394847076,6.211656152236783e-07,3.1379613560007606,5.36513984577536,9.395554298308843,1.0
gekko x 106,0.26070272111,16.429959212,6.2953847065e-07,3.1379613560007606,5.36513984577536,9.395554298308843,1.0
scipy x 107,0.2851442931459172,17.164354129071526,6.730697771816885e-07,3.3079506101403418,5.486765972201066,9.61858608580886,1.0
gekko x 107,0.26070272111,16.429959212,6.2953847065e-07,3.3079506101403418,5.486765972201066,9.61858608580886,1.0
scipy x 108,0.14194357290746076,14.875316384015278,5.526044617514587e-07,2.8386305011530095,5.443243714509928,9.466089570324101,1.0
gekko x 108,0.26070272111,16.429959212,6.2953847065e-07,2.8386305011530095,5.443243714509928,9.466089570324101,1.0
scipy x 109,0.39425534622637665,15.339849565301474,6.204772576940154e-07,2.951139206495692,5.3151271663840465,9.775086995949085,1.0
gekko x 109,0.26070272111,16.429959212,6.2953847065e-07,2.951139206495692,5.3151271663840465,9.775086995949085,1.0
scipy x 110,0.4864679595010702,17.674192736271785,7.483843881899707e-07,3.4569653302061987,5.4359436726203665,10.044961229569298,1.0
gekko x 110,0.26070272111,16.429959212,6.2953847065e-07,3.4569653302061987,5.4359436726203665,10.044961229569298,1.0
scipy x 111,0.08580984118309028,17.349935824911036,5.627995190437655e-07,3.1151469290488984,5.406196928800748,9.045114050978476,1.0
gekko x 111,0.26070272111,16.429959212,6.2953847065e-07,3.1151469290488984,5.406196928800748,9.045114050978476,1.0
scipy x 112,0.2926243959864003,15.1154253160237,6.209737193028141e-07,2.971082794758767,5.472234855666011,9.823557796142982,1.0
gekko x 112,0.26070272111,16.429959212,6.2953847065e-07,2.971082794758767,5.472234855666011,9.823557796142982,1.0
scipy x 113,0.37213160500401915,18.245592678869606,7.01012113921202e-07,3.449936321090888,5.35422252009336,9.49837741526588,1.0
gekko x 113,0.26070272111,16.429959212,6.2953847065e-07,3.449936321090888,5.35422252009336,9.49837741526588,1.0
scipy x 114,0.45209599253346805,18.004781534776438,7.129331647300337e-07,3.422243019945341,5.308641161492833,9.67377291536142,1.0
gekko x 114,0.26070272111,16.429959212,6.2953847065e-07,3.422243019945341,5.308641161492833,9.67377291536142,1.0
scipy x 115,0.5315871308902559,16.375324766576707,6.818188110549358e-07,3.146360514017028,5.316935523262901,10.07153278423352,1.0
gekko x 115,0.26070272111,16.429959212,6.2953847065e-07,3.146360514017028,5.316935523262901,10.07153278423352,1.0
scipy x 116,0.29649871029820213,15.179182552645225,6.313948838667136e-07,3.000876227341903,5.504278354395736,9.88436313404505,1.0
gekko x 116,0.26070272111,16.429959212,6.2953847065e-07,3.000876227341903,5.504278354395736,9.88436313404505,1.0
scipy x 117,0.4898670606747637,16.079018519789415,6.688376181465446e-07,3.1023112050969224,5.332698267895138,10.005751590601,1.0
gekko x 117,0.26070272111,16.429959212,6.2953847065e-07,3.1023112050969224,5.332698267895138,10.005751590601,1.0
scipy x 118,0.06060811635491632,16.20022050364736,5.528482166196475e-07,2.9938906773560943,5.499435119271126,9.280928089583897,1.0
gekko x 118,0.26070272111,16.429959212,6.2953847065e-07,2.9938906773560943,5.499435119271126,9.280928089583897,1.0
scipy x 119,0.22870303923493576,19.03848474678934,6.467901553073954e-07,3.4433318123490504,5.354966509734691,9.051137558964848,1.0
gekko x 119,0.26070272111,16.429959212,6.2953847065e-07,3.4433318123490504,5.354966509734691,9.051137558964848,1.0
scipy x 120,0.30952371654379257,18.331978360385587,6.858138825052127e-07,3.445626535291524,5.3965818364588625,9.394743835502414,1.0
gekko x 120,0.26070272111,16.429959212,6.2953847065e-07,3.445626535291524,5.3965818364588625,9.394743835502414,1.0
scipy x 121,0.17446468314416141,17.574593393138628,6.055829013836648e-07,3.2184498267165833,5.38824407517069,9.153031377774429,1.0
gekko x 121,0.26070272111,16.429959212,6.2953847065e-07,3.2184498267165833,5.38824407517069,9.153031377774429,1.0
scipy x 122,0.42149102412096673,18.036295548792587,7.1438328241792e-07,3.4413975140408555,5.35044323350563,9.65562054883559,1.0
gekko x 122,0.26070272111,16.429959212,6.2953847065e-07,3.4413975140408555,5.35044323350563,9.65562054883559,1.0
scipy x 123,0.5455731310938476,17.86069757778472,7.311440202033739e-07,3.4120588824171554,5.299409052543467,9.956609730495929,1.0
gekko x 123,0.26070272111,16.429959212,6.2953847065e-07,3.4120588824171554,5.299409052543467,9.956609730495929,1.0
scipy x 124,0.15571983941679862,15.548079036303111,5.69413610832381e-07,2.9406136315234366,5.428769516630725,9.398954805934556,1.0
gekko x 124,0.26070272111,16.429959212,6.2953847065e-07,2.9406136315234366,5.428769516630725,9.398954805934556,1.0
scipy x 125,0.007500538090539853,18.671459504941538,5.599713559503112e-07,3.250411070543251,5.513596668475229,8.970770996899924,1.0
gekko x 125,0.26070272111,16.429959212,6.2953847065e-07,3.250411070543251,5.513596668475229,8.970770996899924,1.0
scipy x 126,0.12494927876690619,17.12240639789012,5.567117693628918e-07,3.0636239424039946,5.303140879306222,8.96264995520331,1.0
gekko x 126,0.26070272111,16.429959212,6.2953847065e-07,3.0636239424039946,5.303140879306222,8.96264995520331,1.0
scipy x 127,0.10647279650064001,19.564314649868127,6.1394251600111e-07,3.446262430648805,5.473221462410885,8.955317408710384,1.0
gekko x 127,0.26070272111,16.429959212,6.2953847065e-07,3.446262430648805,5.473221462410885,8.955317408710384,1.0
scipy x 128,0.34680876420554296,17.23250143345234,6.816745715516442e-07,3.31084788988257,5.410942120202938,9.638128188826343,1.0
gekko x 128,0.26070272111,16.429959212,6.2953847065e-07,3.31084788988257,5.410942120202938,9.638128188826343,1.0
scipy x 129,0.10554069007715364,16.73602419057856,5.908484989879906e-07,3.1277736108390077,5.536414093083618,9.363059122143591,1.0
gekko x 129,0.26070272111,16.429959212,6.2953847065e-07,3.1277736108390077,5.536414093083618,9.363059122143591,1.0
scipy x 130,0.3836267205573664,17.724228567591,7.367673757219938e-07,3.4781324877125845,5.5189158783651315,9.881257534393573,1.0
gekko x 130,0.26070272111,16.429959212,6.2953847065e-07,3.4781324877125845,5.5189158783651315,9.881257534393573,1.0
scipy x 131,0.31736426211971414,16.456103198831855,6.688426723537656e-07,3.2128558589830107,5.483960189321033,9.771635513361415,1.0
gekko x 131,0.26070272111,16.429959212,6.2953847065e-07,3.2128558589830107,5.483960189321033,9.771635513361415,1.0
scipy x 132,0.15072047684263148,18.31753760930308,6.193780145187807e-07,3.33282532007791,5.454507980283794,9.137844812509869,1.0
gekko x 132,0.26070272111,16.429959212,6.2953847065e-07,3.33282532007791,5.454507980283794,9.137844812509869,1.0
scipy x 133,0.24717797091205965,18.232329990157726,6.401595062801853e-07,3.3433783644618256,5.33962248913197,9.15529721073117,1.0
gekko x 133,0.26070272111,16.429959212,6.2953847065e-07,3.3433783644618256,5.33962248913197,9.15529721073117,1.0
scipy x 134,0.29802345113588463,17.141893828810552,6.345222897207356e-07,3.2045847655022266,5.3070292279746845,9.337461104900363,1.0
gekko x 134,0.26070272111,16.429959212,6.2953847065e-07,3.2045847655022266,5.3070292279746845,9.337461104900363,1.0
scipy x 135,0.23106873582216042,17.875297434218496,6.480887436928731e-07,3.3361978749920764,5.43078045017188,9.314032814862365,1.0
gekko x 135,0.26070272111,16.429959212,6.2953847065e-07,3.3361978749920764,5.43078045017188,9.314032814862365,1.0
scipy x 136,0.22220907270958157,16.93017975326719,6.240762857443039e-07,3.187290498109552,5.420158821790372,9.378498338406839,1.0
gekko x 136,0.26070272111,16.429959212,6.2953847065e-07,3.187290498109552,5.420158821790372,9.378498338406839,1.0
scipy x 137,-0.056612846571935646,15.619041705166868,4.888428510794825e-07,2.807501734802355,5.4933947283976305,9.1675797111445,1.0
gekko x 137,0.26070272111,16.429959212,6.2953847065e-07,2.807501734802355,5.4933947283976305,9.1675797111445,1.0
scipy x 138,0.05957516058616367,15.423647658928509,5.237313928826529e-07,2.8449458103461724,5.419195968073132,9.223400380748773,1.0
gekko x 138,0.26070272111,16.429959212,6.2953847065e-07,2.8449458103461724,5.419195968073132,9.223400380748773,1.0
scipy x 139,0.25789616946864535,18.229308612551403,6.94310108634761e-07,3.477342719989948,5.538813769050965,9.52293312214256,1.0
gekko x 139,0.26070272111,16.429959212,6.2953847065e-07,3.477342719989948,5.538813769050965,9.52293312214256,1.0
scipy x 140,0.3503687501806935,16.83980456383877,6.453858035372196e-07,3.181166271869966,5.2979951128522345,9.486464798179762,1.0
gekko x 140,0.26070272111,16.429959212,6.2953847065e-07,3.181166271869966,5.2979951128522345,9.486464798179762,1.0
scipy x 141,0.32845566751295735,17.695513256155333,6.836811928734939e-07,3.3697504800906444,5.406295878006332,9.531237264587899,1.0
gekko x 141,0.26070272111,16.429959212,6.2953847065e-07,3.3697504800906444,5.406295878006332,9.531237264587899,1.0
scipy x 142,0.42916561343272264,15.914075525587597,6.637031484690385e-07,3.098251548973754,5.38438479842624,9.946055187206538,1.0
gekko x 142,0.26070272111,16.429959212,6.2953847065e-07,3.098251548973754,5.38438479842624,9.946055187206538,1.0
scipy x 143,-0.07916776678795467,16.113536651633172,4.929473141362084e-07,2.869502126104143,5.537226251104078,9.16569281607341,1.0
gekko x 143,0.26070272111,16.429959212,6.2953847065e-07,2.869502126104143,5.537226251104078,9.16569281607341,1.0
scipy x 144,0.31695355009194687,17.978385581719284,6.814250596092838e-07,3.3968696041327453,5.393549681456859,9.447759529446458,1.0
gekko x 144,0.26070272111,16.429959212,6.2953847065e-07,3.3968696041327453,5.393549681456859,9.447759529446458,1.0
scipy x 145,-0.009710036744786751,15.630905277929926,4.997211988724901e-07,2.822484884620706,5.436564349531521,9.13008529983875,1.0
gekko x 145,0.26070272111,16.429959212,6.2953847065e-07,2.822484884620706,5.436564349531521,9.13008529983875,1.0
scipy x 146,0.15669893080680591,17.559814273792266,6.225761078217476e-07,3.268737830074884,5.503875403959982,9.315253016203789,1.0
gekko x 146,0.26070272111,16.429959212,6.2953847065e-07,3.268737830074884,5.503875403959982,9.315253016203789,1.0
scipy x 147,0.38236993175100054,15.654907465277251,6.724129858219809e-07,3.1107800309820073,5.503614061480553,10.0604323659631,1.0
gekko x 147,0.26070272111,16.429959212,6.2953847065e-07,3.1107800309820073,5.503614061480553,10.0604323659631,1.0
scipy x 148,0.16094114724854824,15.554109880017092,5.550942686722109e-07,2.9019585188557975,5.349167420443877,9.270735040521073,1.0
gekko x 148,0.26070272111,16.429959212,6.2953847065e-07,2.9019585188557975,5.349167420443877,9.270735040521073,1.0
scipy x 149,0.3936445010539378,15.982559346439773,6.474383222732489e-07,3.0817226739243013,5.346338793346302,9.772824334482262,1.0
gekko x 149,0.26070272111,16.429959212,6.2953847065e-07,3.0817226739243013,5.346338793346302,9.772824334482262,1.0
scipy x 150,0.2961838160442653,16.413199323081507,6.242830239477197e-07,3.108172855549479,5.335749173442552,9.459060400326406,1.0
gekko x 150,0.26070272111,16.429959212,6.2953847065e-07,3.108172855549479,5.335749173442552,9.459060400326406,1.0
scipy x 151,0.3834115318289653,14.48074178773124,6.035720074336828e-07,2.8267057725395226,5.373881261086993,9.928380473353267,1.0
gekko x 151,0.26070272111,16.429959212,6.2953847065e-07,2.8267057725395226,5.373881261086993,9.928380473353267,1.0
scipy x 152,0.3803819358634608,16.711804510306376,6.950421574251e-07,3.2755151608451887,5.468955901655044,9.88846646259687,1.0
gekko x 152,0.26070272111,16.429959212,6.2953847065e-07,3.2755151608451887,5.468955901655044,9.88846646259687,1.0
scipy x 153,0.11694239510766169,18.400333254549334,6.142700182963115e-07,3.3392260903626516,5.506945519717321,9.154355378926521,1.0
gekko x 153,0.26070272111,16.429959212,6.2953847065e-07,3.3392260903626516,5.506945519717321,9.154355378926521,1.0
scipy x 154,0.03407669786243467,15.960418875418753,5.205225909786029e-07,2.8936128826924854,5.416396393867567,9.124589653200305,1.0
gekko x 154,0.26070272111,16.429959212,6.2953847065e-07,2.8936128826924854,5.416396393867567,9.124589653200305,1.0
scipy x 155,0.1593773872668075,18.034813983687265,6.15750555833349e-07,3.2938302677035085,5.436067033490017,9.154300424261972,1.0
gekko x 155,0.26070272111,16.429959212,6.2953847065e-07,3.2938302677035085,5.436067033490017,9.154300424261972,1.0
scipy x 156,0.4602057525478638,17.198604124499855,7.23295704905673e-07,3.3594127872887944,5.425659969686931,9.992326161128636,1.0
gekko x 156,0.26070272111,16.429959212,6.2953847065e-07,3.3594127872887944,5.425659969686931,9.992326161128636,1.0
scipy x 157,-0.047355696992483334,16.82284464169628,5.140974303241783e-07,2.9796693098370777,5.522710110794478,9.1064102954757,1.0
gekko x 157,0.26070272111,16.429959212,6.2953847065e-07,2.9796693098370777,5.522710110794478,9.1064102954757,1.0
scipy x 158,0.41555314043735475,18.38672291263124,7.072101248731076e-07,3.4619170845072307,5.299552287207773,9.509693832697934,1.0
gekko x 158,0.26070272111,16.429959212,6.2953847065e-07,3.4619170845072307,5.299552287207773,9.509693832697934,1.0
scipy x 159,0.19225372363144522,15.590407025813692,5.632029069242544e-07,2.914374126286164,5.324280812144681,9.287000196487377,1.0
gekko x 159,0.26070272111,16.429959212,6.2953847065e-07,2.914374126286164,5.324280812144681,9.287000196487377,1.0
scipy x 160,0.22335673672011933,18.05031311045417,6.301027504391303e-07,3.3090117767479925,5.358438143446004,9.153808695005093,1.0
gekko x 160,0.26070272111,16.429959212,6.2953847065e-07,3.3090117767479925,5.358438143446004,9.153808695005093,1.0
scipy x 161,0.4666630719032568,17.202313588125598,7.116322068202784e-07,3.3299249085426337,5.374626876690483,9.917146428687147,1.0
gekko x 161,0.26070272111,16.429959212,6.2953847065e-07,3.3299249085426337,5.374626876690483,9.917146428687147,1.0
scipy x 162,0.03298275318983507,15.39673666621648,5.10734220293623e-07,2.8168963055981004,5.414201269998501,9.176444880633078,1.0
gekko x 162,0.26070272111,16.429959212,6.2953847065e-07,2.8168963055981004,5.414201269998501,9.176444880633078,1.0
scipy x 163,0.26302750505257055,14.868601860787397,5.712586072384204e-07,2.837146766111302,5.321351302164894,9.507342567180128,1.0
gekko x 163,0.26070272111,16.429959212,6.2953847065e-07,2.837146766111302,5.321351302164894,9.507342567180128,1.0
scipy x 164,0.21859920597341445,16.52762724812482,6.280068412928079e-07,3.159601875819307,5.4794701341704055,9.516372657538033,1.0
gekko x 164,0.26070272111,16.429959212,6.2953847065e-07,3.159601875819307,5.4794701341704055,9.516372657538033,1.0
scipy x 165,0.4311620513404434,17.595795099612317,6.976392804226105e-07,3.3521288818020487,5.318408015295981,9.671092682642655,1.0
gekko x 165,0.26070272111,16.429959212,6.2953847065e-07,3.3521288818020487,5.318408015295981,9.671092682642655,1.0
scipy x 166,0.442409636218555,15.91730940059109,6.629609761215373e-07,3.0913482139515756,5.368657286989662,9.953390894557199,1.0
gekko x 166,0.26070272111,16.429959212,6.2953847065e-07,3.0913482139515756,5.368657286989662,9.953390894557199,1.0
scipy x 167,-0.07645043439621788,16.267649264180392,4.841399910451965e-07,2.8556715719337658,5.469776611466536,9.041789217972171,1.0
gekko x 167,0.26070272111,16.429959212,6.2953847065e-07,2.8556715719337658,5.469776611466536,9.041789217972171,1.0
scipy x 168,0.4274308088978531,17.000592222992584,6.790645734790475e-07,3.24808794701651,5.31513792948103,9.713041295852829,1.0
gekko x 168,0.26070272111,16.429959212,6.2953847065e-07,3.24808794701651,5.31513792948103,9.713041295852829,1.0
scipy x 169,0.24065936764917742,18.884330147494477,6.487516144868209e-07,3.429667323199048,5.34665968484843,9.08073834882576,1.0
gekko x 169,0.26070272111,16.429959212,6.2953847065e-07,3.429667323199048,5.34665968484843,9.08073834882576,1.0
scipy x 170,0.2259253315772275,18.493081327066278,6.348796167510931e-07,3.362051026934103,5.344096026448034,9.08666497015519,1.0
gekko x 170,0.26070272111,16.429959212,6.2953847065e-07,3.362051026934103,5.344096026448034,9.08666497015519,1.0
scipy x 171,0.4173210673464647,16.121863608304405,6.759292176424861e-07,3.153547301097726,5.418754081336323,9.957580000311408,1.0
gekko x 171,0.26070272111,16.429959212,6.2953847065e-07,3.153547301097726,5.418754081336323,9.957580000311408,1.0
scipy x 172,0.22377226559462243,15.16509233082384,5.597869024372378e-07,2.8526898006338666,5.296260049260075,9.346964614518507,1.0
gekko x 172,0.26070272111,16.429959212,6.2953847065e-07,2.8526898006338666,5.296260049260075,9.346964614518507,1.0
scipy x 173,0.391432522972466,16.587469227890935,6.937829406858431e-07,3.2549606706394676,5.463582715663913,9.922167655715697,1.0
gekko x 173,0.26070272111,16.429959212,6.2953847065e-07,3.2549606706394676,5.463582715663913,9.922167655715697,1.0
scipy x 174,0.2325745362695048,16.46631144029325,6.059751589850575e-07,3.0923196562190007,5.361634341792201,9.34917908164679,1.0
gekko x 174,0.26070272111,16.429959212,6.2953847065e-07,3.0923196562190007,5.361634341792201,9.34917908164679,1.0
scipy x 175,0.32712251860728464,15.881450113588322,6.522857525542292e-07,3.110250911912877,5.464372230785077,9.820540796458122,1.0
gekko x 175,0.26070272111,16.429959212,6.2953847065e-07,3.110250911912877,5.464372230785077,9.820540796458122,1.0
scipy x 176,0.31586521756261954,16.840018918861194,6.499662649632146e-07,3.2062919911894303,5.369749347559859,9.524738601490153,1.0
gekko x 176,0.26070272111,16.429959212,6.2953847065e-07,3.2062919911894303,5.369749347559859,9.524738601490153,1.0
scipy x 177,0.24741335858604885,18.300573863382,6.542727097680674e-07,3.3864509691706393,5.392972602630754,9.239775956765692,1.0
gekko x 177,0.26070272111,16.429959212,6.2953847065e-07,3.3864509691706393,5.392972602630754,9.239775956765692,1.0
scipy x 178,0.3634017643658238,17.00869530958332,6.871490318890403e-07,3.2944714606600405,5.429878564052611,9.740579746095362,1.0
gekko x 178,0.26070272111,16.429959212,6.2953847065e-07,3.2944714606600405,5.429878564052611,9.740579746095362,1.0
scipy x 179,0.38347835083574167,18.13323420762741,7.050114486365494e-07,3.4438924171113348,5.361393585477598,9.555217122881508,1.0
gekko x 179,0.26070272111,16.429959212,6.2953847065e-07,3.4438924171113348,5.361393585477598,9.555217122881508,1.0
scipy x 180,0.2584557333593036,15.45362794683581,5.867042797203974e-07,2.9349909110170342,5.331999868293578,9.459061223093897,1.0
gekko x 180,0.26070272111,16.429959212,6.2953847065e-07,2.9349909110170342,5.331999868293578,9.459061223093897,1.0
scipy x 181,0.48371869506588844,16.62092233539856,6.912662077091513e-07,3.2141486883990225,5.352619642083659,9.979630326723417,1.0
gekko x 181,0.26070272111,16.429959212,6.2953847065e-07,3.2141486883990225,5.352619642083659,9.979630326723417,1.0
scipy x 182,0.2954376211639081,17.643112013453155,6.823596869476822e-07,3.3745208909629523,5.463863718652215,9.552162557954514,1.0
gekko x 182,0.26070272111,16.429959212,6.2953847065e-07,3.3745208909629523,5.463863718652215,9.552162557954514,1.0
scipy x 183,0.27267600360724514,15.762916962841912,5.948212742327953e-07,2.97998449357913,5.3121452284401,9.426202476803612,1.0
gekko x 183,0.26070272111,16.429959212,6.2953847065e-07,2.97998449357913,5.3121452284401,9.426202476803612,1.0
scipy x 184,0.1380647161866437,16.755309822245245,5.830898918291563e-07,3.0965634257329078,5.425432568866967,9.232617446758471,1.0
gekko x 184,0.26070272111,16.429959212,6.2953847065e-07,3.0965634257329078,5.425432568866967,9.232617446758471,1.0
scipy x 185,0.23069997863250577,15.63726022250201,5.847773471675166e-07,2.959036897508312,5.350317414936999,9.41036782318933,1.0
gekko x 185,0.26070272111,16.429959212,6.2953847065e-07,2.959036897508312,5.350317414936999,9.41036782318933,1.0
scipy x 186,0.4333083187790244,15.929987799652686,6.662941025251618e-07,3.10423939865854,5.388823196280169,9.96433184958033,1.0
gekko x 186,0.26070272111,16.429959212,6.2953847065e-07,3.10423939865854,5.388823196280169,9.96433184958033,1.0
scipy x 187,0.1760421135988995,17.23026891222258,5.91418472897292e-07,3.1482810530502983,5.346089208184088,9.12118996443534,1.0
gekko x 187,0.26070272111,16.429959212,6.2953847065e-07,3.1482810530502983,5.346089208184088,9.12118996443534,1.0
scipy x 188,0.4420211465380647,17.91425036838665,7.235989486539643e-07,3.4425203872356995,5.369882847912903,9.764369789535396,1.0
gekko x 188,0.26070272111,16.429959212,6.2953847065e-07,3.4425203872356995,5.369882847912903,9.764369789535396,1.0
scipy x 189,0.2841044050805446,16.990618519285928,6.440205064634654e-07,3.219129093611532,5.384416808434434,9.455087961578108,1.0
gekko x 189,0.26070272111,16.429959212,6.2953847065e-07,3.219129093611532,5.384416808434434,9.455087961578108,1.0
scipy x 190,0.3031708325566328,16.04874364807741,6.379191240196257e-07,3.1025296883817775,5.420862643254094,9.66482901796292,1.0
gekko x 190,0.26070272111,16.429959212,6.2953847065e-07,3.1025296883817775,5.420862643254094,9.66482901796292,1.0
scipy x 191,0.3493473396864595,14.39419402145689,5.89762285808687e-07,2.7992743065686865,5.358161216103786,9.821988492024188,1.0
gekko x 191,0.26070272111,16.429959212,6.2953847065e-07,2.7992743065686865,5.358161216103786,9.821988492024188,1.0
scipy x 192,0.32094393760676043,15.315296790268953,6.159988708836583e-07,2.9679052888715103,5.385688759580466,9.718380304491005,1.0
gekko x 192,0.26070272111,16.429959212,6.2953847065e-07,2.9679052888715103,5.385688759580466,9.718380304491005,1.0
scipy x 193,0.3762052150147394,17.548027110999378,6.772486738946044e-07,3.3200040729641667,5.318718717106331,9.520601535887467,1.0
gekko x 193,0.26070272111,16.429959212,6.2953847065e-07,3.3200040729641667,5.318718717106331,9.520601535887467,1.0
scipy x 194,0.2612073603159359,15.487464550720698,6.071250764510341e-07,2.9878945979396176,5.415699914474793,9.61058331904009,1.0
gekko x 194,0.26070272111,16.429959212,6.2953847065e-07,2.9878945979396176,5.415699914474793,9.61058331904009,1.0
scipy x 195,-0.09047235659930918,17.478061230718758,4.984677795666573e-07,3.0032578599637714,5.511777239791851,8.977691376951377,1.0
gekko x 195,0.26070272111,16.429959212,6.2953847065e-07,3.0032578599637714,5.511777239791851,8.977691376951377,1.0
scipy x 196,0.12862316558242917,15.263393130373752,5.429362679045873e-07,2.8553033577959366,5.382718579761495,9.296596786038078,1.0
gekko x 196,0.26070272111,16.429959212,6.2953847065e-07,2.8553033577959366,5.382718579761495,9.296596786038078,1.0
scipy x 197,0.510520870434074,16.521755664460528,6.857381432786977e-07,3.1796977437693057,5.324404839371181,10.013089743498679,1.0
gekko x 197,0.26070272111,16.429959212,6.2953847065e-07,3.1796977437693057,5.324404839371181,10.013089743498679,1.0
scipy x 198,0.08520823272854104,17.05599580413997,5.568598699840475e-07,3.0727455439181774,5.3985661516751495,9.062004934295578,1.0
gekko x 198,0.26070272111,16.429959212,6.2953847065e-07,3.0727455439181774,5.3985661516751495,9.062004934295578,1.0
scipy x 199,0.35529450020591136,18.013135411511332,7.20560477761468e-07,3.480914849593172,5.476260747939617,9.693054735377533,1.0
gekko x 199,0.26070272111,16.429959212,6.2953847065e-07,3.480914849593172,5.476260747939617,9.693054735377533,1.0
scipy y 0,0.3121028850293883,17.856842942641176,9.496597893307508e-07,3.998164807493617,6.389192781835387,11.192647506254133,1.0
gekko y 0,-0.1455192336,-19.304610709,-8.5896025969e-07,3.998164807493617,6.389192781835387,11.192647506254133,1.0
scipy y 1,0.11186261033118541,19.625439584651453,8.539546855284736e-07,4.068495428940223,6.436040158100712,10.53344202409859,1.0
gekko y 1,-0.1455192336,-19.304610709,-8.5896025969e-07,4.068495428940223,6.436040158100712,10.53344202409859,1.0
scipy y 2,0.06142344629642532,20.66831819364459,8.011231074747619e-07,4.064490922383633,6.337275613564379,10.156186848263097,1.0
gekko y 2,-0.1455192336,-19.304610709,-8.5896025969e-07,4.064490922383633,6.337275613564379,10.156186848263097,1.0
scipy y 3,-0.020960678104538673,20.59117927272132,7.556831056145905e-07,3.9725336271758143,6.408066009383639,10.164073386115069,1.0
gekko y 3,-0.1455192336,-19.304610709,-8.5896025969e-07,3.9725336271758143,6.408066009383639,10.164073386115069,1.0
scipy y 4,0.1211876054954953,19.23840105452984,8.338328854674044e-07,3.976426019177847,6.353405085147759,10.464993629725662,1.0
gekko y 4,-0.1455192336,-19.304610709,-8.5896025969e-07,3.976426019177847,6.353405085147759,10.464993629725662,1.0
scipy y 5,0.2072248837448459,18.847982060430397,8.980851701557036e-07,4.046187651787454,6.378357432487119,10.750871073242461,1.0
gekko y 5,-0.1455192336,-19.304610709,-8.5896025969e-07,4.046187651787454,6.378357432487119,10.750871073242461,1.0
scipy y 6,0.034005583350512375,21.289526556369854,7.775702596228867e-07,4.0743213239573075,6.3058628188461885,9.992647193736735,1.0
gekko y 6,-0.1455192336,-19.304610709,-8.5896025969e-07,4.0743213239573075,6.3058628188461885,9.992647193736735,1.0
scipy y 7,-0.032172088263544514,21.47681744932804,7.351412214191565e-07,4.003858294775546,6.32843725131373,9.926698352169511,1.0
gekko y 7,-0.1455192336,-19.304610709,-8.5896025969e-07,4.003858294775546,6.32843725131373,9.926698352169511,1.0
scipy y 8,0.35690363304981765,18.31062944309996,9.669798140133669e-07,4.066676858798266,6.311311428176931,11.138172752892434,1.0
gekko y 8,-0.1455192336,-19.304610709,-8.5896025969e-07,4.066676858798266,6.311311428176931,11.138172752892434,1.0
scipy y 9,0.11791379222118355,19.01334872931084,8.46355302575078e-07,3.9840235481771726,6.423156544558353,10.601779271143423,1.0
gekko y 9,-0.1455192336,-19.304610709,-8.5896025969e-07,3.9840235481771726,6.423156544558353,10.601779271143423,1.0
scipy y 10,0.30590231090371056,18.089976418941607,9.276183095476301e-07,3.981242319993025,6.30577986611854,10.997949465317772,1.0
gekko y 10,-0.1455192336,-19.304610709,-8.5896025969e-07,3.981242319993025,6.30577986611854,10.997949465317772,1.0
scipy y 11,0.298291881801406,18.715047629350586,9.382001803202908e-07,4.078962188782234,6.304346351159842,10.891456168432375,1.0
gekko y 11,-0.1455192336,-19.304610709,-8.5896025969e-07,4.078962188782234,6.304346351159842,10.891456168432375,1.0
scipy y 12,-0.03139739323795204,21.059979264296427,7.369583613745017e-07,3.9703697534047233,6.345643954902161,10.000639507098228,1.0
gekko y 12,-0.1455192336,-19.304610709,-8.5896025969e-07,3.9703697534047233,6.345643954902161,10.000639507098228,1.0
scipy y 13,0.2692768145733471,18.151989656328713,9.461579312805365e-07,4.045105623591148,6.445439474599116,11.12439761749141,1.0
gekko y 13,-0.1455192336,-19.304610709,-8.5896025969e-07,4.045105623591148,6.445439474599116,11.12439761749141,1.0
scipy y 14,0.3080079404537801,17.995445732933113,9.553399722363247e-07,4.028270194820865,6.403640815910136,11.187396669968306,1.0
gekko y 14,-0.1455192336,-19.304610709,-8.5896025969e-07,4.028270194820865,6.403640815910136,11.187396669968306,1.0
scipy y 15,0.00338451209987066,20.58270970380787,7.640279712508706e-07,3.9840022801154964,6.367523720264911,10.131073120534666,1.0
gekko y 15,-0.1455192336,-19.304610709,-8.5896025969e-07,3.9840022801154964,6.367523720264911,10.131073120534666,1.0
scipy y 16,0.21009688046820227,18.13076867750202,9.014836144159005e-07,3.9730318652418806,6.4360815609924895,10.949636892886275,1.0
gekko y 16,-0.1455192336,-19.304610709,-8.5896025969e-07,3.9730318652418806,6.4360815609924895,10.949636892886275,1.0
scipy y 17,0.04515547267442428,20.247640749894508,7.77588796669131e-07,3.9702345752464065,6.3081528057401,10.134241460130177,1.0
gekko y 17,-0.1455192336,-19.304610709,-8.5896025969e-07,3.9702345752464065,6.3081528057401,10.134241460130177,1.0
scipy y 18,0.28776373697882074,18.039128658076212,9.485901171725723e-07,4.028584802447743,6.42135666657315,11.151622360537818,1.0
gekko y 18,-0.1455192336,-19.304610709,-8.5896025969e-07,4.028584802447743,6.42135666657315,11.151622360537818,1.0
scipy y 19,-0.007861398450579968,21.49982899222836,7.487233768227689e-07,4.033495463100253,6.309874709411004,9.921985765888415,1.0
gekko y 19,-0.1455192336,-19.304610709,-8.5896025969e-07,4.033495463100253,6.309874709411004,9.921985765888415,1.0
scipy y 20,0.32971982863268146,17.855346917313284,9.510148420957443e-07,3.992534817448447,6.357512587046008,11.191720077148942,1.0
gekko y 20,-0.1455192336,-19.304610709,-8.5896025969e-07,3.992534817448447,6.357512587046008,11.191720077148942,1.0
scipy y 21,0.09545971094679523,19.641352343721305,8.445979625587102e-07,4.054746613514252,6.4481428417416815,10.51986264526524,1.0
gekko y 21,-0.1455192336,-19.304610709,-8.5896025969e-07,4.054746613514252,6.4481428417416815,10.51986264526524,1.0
scipy y 22,0.1621923985947382,19.41386834293931,8.819797341213262e-07,4.0903986768715885,6.406884940819775,10.617995825054038,1.0
gekko y 22,-0.1455192336,-19.304610709,-8.5896025969e-07,4.0903986768715885,6.406884940819775,10.617995825054038,1.0
scipy y 23,0.23844601425563083,18.393880194844105,9.019811848296796e-07,3.990649792232826,6.3464205034117755,10.836942390059344,1.0
gekko y 23,-0.1455192336,-19.304610709,-8.5896025969e-07,3.990649792232826,6.3464205034117755,10.836942390059344,1.0
scipy y 24,0.12701130300337207,19.765731723059133,8.599495479105208e-07,4.090871093567702,6.4072359279573865,10.498603571915623,1.0
gekko y 24,-0.1455192336,-19.304610709,-8.5896025969e-07,4.090871093567702,6.4072359279573865,10.498603571915623,1.0
scipy y 25,0.09083875563967934,19.661215814930614,8.270849439719526e-07,4.016451474826203,6.3935758501724145,10.419873861311258,1.0
gekko y 25,-0.1455192336,-19.304610709,-8.5896025969e-07,4.016451474826203,6.3935758501724145,10.419873861311258,1.0
scipy y 26,0.2630170666723216,18.424421544254436,9.348327634521341e-07,4.0548252111658245,6.398583351867606,10.989904539538692,1.0
gekko y 26,-0.1455192336,-19.304610709,-8.5896025969e-07,4.0548252111658245,6.398583351867606,10.989904539538692,1.0
scipy y 27,0.10411186984332932,20.14725992523114,8.407989596587313e-07,4.093673393293406,6.384271008198646,10.368809755158258,1.0
gekko y 27,-0.1455192336,-19.304610709,-8.5896025969e-07,4.093673393293406,6.384271008198646,10.368809755158258,1.0
scipy y 28,0.2111164729072697,18.874915073687333,9.083177286353435e-07,4.07039489071921,6.402546461374742,10.797943308816494,1.0
gekko y 28,-0.1455192336,-19.304610709,-8.5896025969e-07,4.07039489071921,6.402546461374742,10.797943308816494,1.0
scipy y 29,0.12415273892566914,19.72445061220351,8.372018556964527e-07,4.033370807690385,6.33216695775796,10.375086120975958,1.0
gekko y 29,-0.1455192336,-19.304610709,-8.5896025969e-07,4.033370807690385,6.33216695775796,10.375086120975958,1.0
scipy y 30,0.2446451128272219,18.60409286911337,9.249077280987454e-07,4.061895572145307,6.394869228756373,10.908838670535157,1.0
gekko y 30,-0.1455192336,-19.304610709,-8.5896025969e-07,4.061895572145307,6.394869228756373,10.908838670535157,1.0
scipy y 31,0.1492003535737751,19.84531311820886,8.600049466120809e-07,4.089815575641885,6.339840991403925,10.423730956146864,1.0
gekko y 31,-0.1455192336,-19.304610709,-8.5896025969e-07,4.089815575641885,6.339840991403925,10.423730956146864,1.0
scipy y 32,0.09199590882981341,20.145008360005427,8.22410468158399e-07,4.053445167323954,6.349822736113189,10.29115122152718,1.0
gekko y 32,-0.1455192336,-19.304610709,-8.5896025969e-07,4.053445167323954,6.349822736113189,10.29115122152718,1.0
scipy y 33,0.22251004460806867,18.77651964925646,8.99510468080653e-07,4.034710741149422,6.348987889025542,10.749492989361466,1.0
gekko y 33,-0.1455192336,-19.304610709,-8.5896025969e-07,4.034710741149422,6.348987889025542,10.749492989361466,1.0
scipy y 34,0.08884251544473211,19.7797287329588,8.094505112202926e-07,3.986150557086575,6.325259621956658,10.290427968196903,1.0
gekko y 34,-0.1455192336,-19.304610709,-8.5896025969e-07,3.986150557086575,6.325259621956658,10.290427968196903,1.0
scipy y 35,0.26513790195863657,18.428755326416063,9.435923723331319e-07,4.073292499230169,6.4230615235154795,11.037404547715784,1.0
gekko y 35,-0.1455192336,-19.304610709,-8.5896025969e-07,4.073292499230169,6.4230615235154795,11.037404547715784,1.0
scipy y 36,-0.03159402744346963,21.22486266503961,7.520731221939078e-07,4.0262371979395795,6.406118705297927,10.077267942037972,1.0
gekko y 36,-0.1455192336,-19.304610709,-8.5896025969e-07,4.0262371979395795,6.406118705297927,10.077267942037972,1.0
scipy y 37,0.17407761789092566,18.97981295112255,8.9738834292455e-07,4.073776229781956,6.455933462826913,10.783300529645345,1.0
gekko y 37,-0.1455192336,-19.304610709,-8.5896025969e-07,4.073776229781956,6.455933462826913,10.783300529645345,1.0
scipy y 38,0.22028558971206139,18.813052380293716,8.912851516270751e-07,4.021211977400206,6.322975157042266,10.694996167206128,1.0
gekko y 38,-0.1455192336,-19.304610709,-8.5896025969e-07,4.021211977400206,6.322975157042266,10.694996167206128,1.0
scipy y 39,0.02976466215478689,20.738250155796283,7.82519995578702e-07,4.036351591379655,6.356764520284829,10.131725066815838,1.0
gekko y 39,-0.1455192336,-19.304610709,-8.5896025969e-07,4.036351591379655,6.356764520284829,10.131725066815838,1.0
scipy y 40,-1.0,20.0,2e-07,4.016309581935182,6.4548650197974435,9.925770387369187,0.0
gekko y 40,-0.1455192336,-19.304610709,-8.5896025969e-07,4.016309581935182,6.4548650197974435,9.925770387369187,1.0
scipy y 41,0.323406830944772,18.444074762015717,9.64244674688535e-07,4.092164300159118,6.358766147136019,11.097786369752123,1.0
gekko y 41,-0.1455192336,-19.304610709,-8.5896025969e-07,4.092164300159118,6.358766147136019,11.097786369752123,1.0
scipy y 42,-0.049995075156863425,21.709983645988096,7.342763575948427e-07,4.02935948452946,6.374797044972676,9.955708975089669,1.0
gekko y 42,-0.1455192336,-19.304610709,-8.5896025969e-07,4.02935948452946,6.374797044972676,9.955708975089669,1.0
scipy y 43,0.3436228716145748,18.074806559921843,9.582403770018413e-07,4.026904364737238,6.331862609934439,11.162184958328128,1.0
gekko y 43,-0.1455192336,-19.304610709,-8.5896025969e-07,4.026904364737238,6.331862609934439,11.162184958328128,1.0
scipy y 44,0.2478174057286023,19.104184044693096,9.148803571918137e-07,4.093927616265702,6.315944703887165,10.717316516956116,1.0
gekko y 44,-0.1455192336,-19.304610709,-8.5896025969e-07,4.093927616265702,6.315944703887165,10.717316516956116,1.0
scipy y 45,0.2848992352377943,18.017232602545718,9.375913341071075e-07,4.003968933477692,6.392421533581329,11.095795263270155,1.0
gekko y 45,-0.1455192336,-19.304610709,-8.5896025969e-07,4.003968933477692,6.392421533581329,11.095795263270155,1.0
scipy y 46,0.3248402118454652,18.14959549055905,9.446896687787622e-07,4.015784936030005,6.317839085804356,11.069000399536378,1.0
gekko y 46,-0.1455192336,-19.304610709,-8.5896025969e-07,4.015784936030005,6.317839085804356,11.069000399536378,1.0
scipy y 47,0.23125959201617322,18.580710871446378,8.951677882693296e-07,3.9994785534788044,6.325872065681745,10.758562526754272,1.0
gekko y 47,-0.1455192336,-19.304610709,-8.5896025969e-07,3.9994785534788044,6.325872065681745,10.758562526754272,1.0
scipy y 48,0.19198208370161557,18.715099616282526,8.977879583919427e-07,4.037757802153253,6.426600582570652,10.811695841170364,1.0
gekko y 48,-0.1455192336,-19.304610709,-8.5896025969e-07,4.037757802153253,6.426600582570652,10.811695841170364,1.0
scipy y 49,0.06237378855548869,20.291394902178176,8.030958893016553e-07,4.032122039568453,6.356716477903039,10.234139994581732,1.0
gekko y 49,-0.1455192336,-19.304610709,-8.5896025969e-07,4.032122039568453,6.356716477903039,10.234139994581732,1.0
scipy y 50,0.12465265255116108,20.126735143975115,8.345703291035004e-07,4.067843384589459,6.30163442174581,10.275944874531739,1.0
gekko y 50,-0.1455192336,-19.304610709,-8.5896025969e-07,4.067843384589459,6.30163442174581,10.275944874531739,1.0
scipy y 51,0.07246747231684804,20.334566528932235,8.27889173410129e-07,4.094038066926465,6.421567681310152,10.350019207204284,1.0
gekko y 51,-0.1455192336,-19.304610709,-8.5896025969e-07,4.094038066926465,6.421567681310152,10.350019207204284,1.0
scipy y 52,0.18881349273175224,18.84787340281979,8.807251197480139e-07,4.015016883296227,6.3646622512123,10.682651821803283,1.0
gekko y 52,-0.1455192336,-19.304610709,-8.5896025969e-07,4.015016883296227,6.3646622512123,10.682651821803283,1.0
scipy y 53,-0.009185611208209007,21.284549470694824,7.509368591770705e-07,4.0200886059881515,6.329309525013158,9.9751189791727,1.0
gekko y 53,-0.1455192336,-19.304610709,-8.5896025969e-07,4.0200886059881515,6.329309525013158,9.9751189791727,1.0
scipy y 54,0.0031019300036365985,20.658923075479354,7.77472726003751e-07,4.026307173392717,6.421508076319167,10.207740397121132,1.0
gekko y 54,-0.1455192336,-19.304610709,-8.5896025969e-07,4.026307173392717,6.421508076319167,10.207740397121132,1.0
scipy y 55,0.3002276644410098,17.836032212384495,9.387735649588143e-07,3.978326447742704,6.379682722329675,11.142690250723533,1.0
gekko y 55,-0.1455192336,-19.304610709,-8.5896025969e-07,3.978326447742704,6.379682722329675,11.142690250723533,1.0
scipy y 56,-0.04390290702667665,21.012904191412005,7.449884691330098e-07,3.992411324231778,6.421040882651985,10.111135454605646,1.0
gekko y 56,-0.1455192336,-19.304610709,-8.5896025969e-07,3.992411324231778,6.421040882651985,10.111135454605646,1.0
scipy y 57,-0.003053964219849731,20.672767693584653,7.659209549621118e-07,4.000022953004096,6.392298423279741,10.151798038564458,1.0
gekko y 57,-0.1455192336,-19.304610709,-8.5896025969e-07,4.000022953004096,6.392298423279741,10.151798038564458,1.0
scipy y 58,0.11166027501422475,19.660929805466886,8.549244964689307e-07,4.074574986066692,6.4384875716501755,10.532565720764746,1.0
gekko y 58,-0.1455192336,-19.304610709,-8.5896025969e-07,4.074574986066692,6.4384875716501755,10.532565720764746,1.0
scipy y 59,0.2626050090136802,18.655407567736685,9.348862411059176e-07,4.081321993277974,6.381322177887252,10.928649880478652,1.0
gekko y 59,-0.1455192336,-19.304610709,-8.5896025969e-07,4.081321993277974,6.381322177887252,10.928649880478652,1.0
scipy y 60,0.10578369004165701,19.812695330206385,8.517587864243079e-07,4.085204459890491,6.436354040450719,10.49859943177439,1.0
gekko y 60,-0.1455192336,-19.304610709,-8.5896025969e-07,4.085204459890491,6.436354040450719,10.49859943177439,1.0
scipy y 61,0.25894325817152647,18.43274455293147,9.427965697125449e-07,4.074893863584696,6.43490037377875,11.039637299761097,1.0
gekko y 61,-0.1455192336,-19.304610709,-8.5896025969e-07,4.074893863584696,6.43490037377875,11.039637299761097,1.0
scipy y 62,0.3351991315763099,18.145617525531964,9.673617603358772e-07,4.058333460185369,6.372069606603116,11.197074353226439,1.0
gekko y 62,-0.1455192336,-19.304610709,-8.5896025969e-07,4.058333460185369,6.372069606603116,11.197074353226439,1.0
scipy y 63,0.30204972838526883,17.758892036602845,9.415989021087471e-07,3.974458960598663,6.392840242587819,11.181141839234428,1.0
gekko y 63,-0.1455192336,-19.304610709,-8.5896025969e-07,3.974458960598663,6.392840242587819,11.181141839234428,1.0
scipy y 64,0.366921943067906,18.156197842854777,9.666108823275822e-07,4.043043818317601,6.306016325609942,11.181187160230655,1.0
gekko y 64,-0.1455192336,-19.304610709,-8.5896025969e-07,4.043043818317601,6.306016325609942,11.181187160230655,1.0
scipy y 65,0.3265866690103222,18.334831868514517,9.559926022267955e-07,4.06047440301444,6.334632213710512,11.079795191717668,1.0
gekko y 65,-0.1455192336,-19.304610709,-8.5896025969e-07,4.06047440301444,6.334632213710512,11.079795191717668,1.0
scipy y 66,0.028992937451392132,21.12723738237224,7.893379068627192e-07,4.09153469766168,6.373892488187471,10.11243513549816,1.0
gekko y 66,-0.1455192336,-19.304610709,-8.5896025969e-07,4.09153469766168,6.373892488187471,10.11243513549816,1.0
scipy y 67,0.1835750342416074,19.453872999216845,8.755293039968573e-07,4.070379203386877,6.322333838838664,10.521206629017698,1.0
gekko y 67,-0.1455192336,-19.304610709,-8.5896025969e-07,4.070379203386877,6.322333838838664,10.521206629017698,1.0
scipy y 68,-0.09628429132616267,22.182137516576596,7.148551897136438e-07,4.034594434490724,6.425803977229066,9.944926558282125,1.0
gekko y 68,-0.1455192336,-19.304610709,-8.5896025969e-07,4.034594434490724,6.425803977229066,9.944926558282125,1.0
scipy y 69,-0.09763045492263758,21.834238201484784,7.057135837114651e-07,3.9787413469271007,6.3965829889051875,9.935015080573953,1.0
gekko y 69,-0.1455192336,-19.304610709,-8.5896025969e-07,3.9787413469271007,6.3965829889051875,9.935015080573953,1.0
scipy y 70,0.05115070356317844,20.353704780291206,7.814555609582153e-07,3.987981042122844,6.301590339531347,10.120337796640735,1.0
gekko y 70,-0.1455192336,-19.304610709,-8.5896025969e-07,3.987981042122844,6.301590339531347,10.120337796640735,1.0
scipy y 71,0.354377733293543,17.921529960188057,9.5572654831637e-07,3.9985578785902565,6.3179769916701165,11.191611982536214,1.0
gekko y 71,-0.1455192336,-19.304610709,-8.5896025969e-07,3.9985578785902565,6.3179769916701165,11.191611982536214,1.0
scipy y 72,-0.04235142297749537,22.0231269327145,7.437032140248018e-07,4.080625177291812,6.383853958238038,9.943239662428077,1.0
gekko y 72,-0.1455192336,-19.304610709,-8.5896025969e-07,4.080625177291812,6.383853958238038,9.943239662428077,1.0
scipy y 73,0.13211361652552486,18.877682673328927,8.495916719877124e-07,3.971182117273506,6.403135558051703,10.615215142868948,1.0
gekko y 73,-0.1455192336,-19.304610709,-8.5896025969e-07,3.971182117273506,6.403135558051703,10.615215142868948,1.0
scipy y 74,0.09015651418550745,19.54715383726991,8.362903061364907e-07,4.027334664803749,6.436742217913729,10.503204523579315,1.0
gekko y 74,-0.1455192336,-19.304610709,-8.5896025969e-07,4.027334664803749,6.436742217913729,10.503204523579315,1.0
scipy y 75,0.18991489596473635,18.85398244246213,8.93734242194363e-07,4.044737151737792,6.408142559969841,10.757500659838742,1.0
gekko y 75,-0.1455192336,-19.304610709,-8.5896025969e-07,4.044737151737792,6.408142559969841,10.757500659838742,1.0
scipy y 76,0.14662396337288278,19.10781332858943,8.655142901324514e-07,4.026380937546825,6.407960781856732,10.624858113928184,1.0
gekko y 76,-0.1455192336,-19.304610709,-8.5896025969e-07,4.026380937546825,6.407960781856732,10.624858113928184,1.0
scipy y 77,0.27793171283949974,18.360277350330435,9.391855585649408e-07,4.0500408159953105,6.383676860174356,11.015387993210648,1.0
gekko y 77,-0.1455192336,-19.304610709,-8.5896025969e-07,4.0500408159953105,6.383676860174356,11.015387993210648,1.0
scipy y 78,0.12371123275802043,18.920713729376818,8.513589574676861e-07,3.9835050966591274,6.431005891310725,10.638371274674956,1.0
gekko y 78,-0.1455192336,-19.304610709,-8.5896025969e-07,3.9835050966591274,6.431005891310725,10.638371274674956,1.0
scipy y 79,0.19012385696941073,18.55248645725795,9.014606518108087e-07,4.028919689658342,6.456121529275066,10.878124634431362,1.0
gekko y 79,-0.1455192336,-19.304610709,-8.5896025969e-07,4.028919689658342,6.456121529275066,10.878124634431362,1.0
scipy y 80,0.21825101967807378,18.307314362075623,8.996123930878392e-07,3.9849046073545673,6.394929442511096,10.877658233177524,1.0
gekko y 80,-0.1455192336,-19.304610709,-8.5896025969e-07,3.9849046073545673,6.394929442511096,10.877658233177524,1.0
scipy y 81,0.3041974638890025,18.1654069422779,9.402232289111566e-07,4.017706109646356,6.345263430330365,11.051884045545762,1.0
gekko y 81,-0.1455192336,-19.304610709,-8.5896025969e-07,4.017706109646356,6.345263430330365,11.051884045545762,1.0
scipy y 82,-0.0626543306823008,21.870726279887386,7.335592896823263e-07,4.046623225164052,6.408010840169285,9.978224834885154,1.0
gekko y 82,-0.1455192336,-19.304610709,-8.5896025969e-07,4.046623225164052,6.408010840169285,9.978224834885154,1.0
scipy y 83,0.21222647132412198,18.898742980335143,9.002252377573373e-07,4.054339809285502,6.369445868678558,10.74180921179076,1.0
gekko y 83,-0.1455192336,-19.304610709,-8.5896025969e-07,4.054339809285502,6.369445868678558,10.74180921179076,1.0
scipy y 84,0.2627167039990829,18.147362179635156,9.270150295163456e-07,4.0064774521802065,6.395605619078448,11.020331240762138,1.0
gekko y 84,-0.1455192336,-19.304610709,-8.5896025969e-07,4.0064774521802065,6.395605619078448,11.020331240762138,1.0
scipy y 85,0.03943230643762123,20.86530004856744,7.906106117589995e-07,4.065550278904265,6.355407002751745,10.12851593142165,1.0
gekko y 85,-0.1455192336,-19.304610709,-8.5896025969e-07,4.065550278904265,6.355407002751745,10.12851593142165,1.0
scipy y 86,0.21741023326751585,18.27776436000641,9.001049484029495e-07,3.9830831535884172,6.401094680438434,10.88981921367404,1.0
gekko y 86,-0.1455192336,-19.304610709,-8.5896025969e-07,3.9830831535884172,6.401094680438434,10.88981921367404,1.0
scipy y 87,0.2836430727550359,17.927282659526515,9.273600507937007e-07,3.9723075274372506,6.368437639957443,11.062167698878508,1.0
gekko y 87,-0.1455192336,-19.304610709,-8.5896025969e-07,3.9723075274372506,6.368437639957443,11.062167698878508,1.0
scipy y 88,0.1679250839592196,18.490468015419292,8.79936108831503e-07,3.983656325915179,6.442137356064725,10.809509312237228,1.0
gekko y 88,-0.1455192336,-19.304610709,-8.5896025969e-07,3.983656325915179,6.442137356064725,10.809509312237228,1.0
scipy y 89,0.20350704422556626,18.63403047965947,8.895879809179643e-07,4.005259104595211,6.372646806430989,10.759824464887368,1.0
gekko y 89,-0.1455192336,-19.304610709,-8.5896025969e-07,4.005259104595211,6.372646806430989,10.759824464887368,1.0
scipy y 90,0.2148589211246152,18.834280095523265,8.879101487983983e-07,4.018318531547306,6.323369362282267,10.679104141968516,1.0
gekko y 90,-0.1455192336,-19.304610709,-8.5896025969e-07,4.018318531547306,6.323369362282267,10.679104141968516,1.0
scipy y 91,0.1590384020119213,18.80479613536423,8.753043835909597e-07,4.0111233648711515,6.428322734169416,10.72527189058443,1.0
gekko y 91,-0.1455192336,-19.304610709,-8.5896025969e-07,4.0111233648711515,6.428322734169416,10.72527189058443,1.0
scipy y 92,0.2977683853449499,18.264092006237828,9.301458900661522e-07,4.010391257976256,6.3164093745942935,10.96967477696206,1.0
gekko y 92,-0.1455192336,-19.304610709,-8.5896025969e-07,4.010391257976256,6.3164093745942935,10.96967477696206,1.0
scipy y 93,0.13053423111968102,19.554495540994104,8.348858367234748e-07,4.007634464823269,6.31387470461424,10.379137176299748,1.0
gekko y 93,-0.1455192336,-19.304610709,-8.5896025969e-07,4.007634464823269,6.31387470461424,10.379137176299748,1.0
scipy y 94,-0.021719477026596455,21.586855785360836,7.557500360178742e-07,4.065722367123511,6.380549468755609,10.00756749347041,1.0
gekko y 94,-0.1455192336,-19.304610709,-8.5896025969e-07,4.065722367123511,6.380549468755609,10.00756749347041,1.0
scipy y 95,0.031114473586440913,21.11076322142944,7.739999611645732e-07,4.0491967523210395,6.305676198716753,10.009022716295616,1.0
gekko y 95,-0.1455192336,-19.304610709,-8.5896025969e-07,4.0491967523210395,6.305676198716753,10.009022716295616,1.0
scipy y 96,-0.07140131213933719,22.17845307951071,7.312103599175765e-07,4.0709027768803425,6.418777884684812,9.954308334345967,1.0
gekko y 96,,,,4.0709027768803425,6.418777884684812,9.954308334345967,0.0
scipy y 97,-0.05865041947044365,21.128341006763268,7.352772767412986e-07,3.982522459980267,6.422313102069847,10.085235372776593,1.0
gekko y 97,-0.1455192336,-19.304610709,-8.5896025969e-07,3.982522459980267,6.422313102069847,10.085235372776593,1.0
scipy y 98,0.18956279100674944,19.438375896814126,8.789230901756313e-07,4.074004972069885,6.319277333017795,10.532134554649126,1.0
gekko y 98,-0.1455192336,-19.304610709,-8.5896025969e-07,4.074004972069885,6.319277333017795,10.532134554649126,1.0
scipy y 99,0.316615046966126,18.562633764944007,9.566013893161207e-07,4.0927645595937685,6.337756021622144,11.024630068233167,1.0
gekko y 99,-0.1455192336,-19.304610709,-8.5896025969e-07,4.0927645595937685,6.337756021622144,11.024630068233167,1.0
scipy y 100,0.17263181043800108,18.75436751455645,8.709387317064825e-07,3.989693324565681,6.3785561743840615,10.679788653068359,1.0
gekko y 100,-0.1455192336,-19.304610709,-8.5896025969e-07,3.989693324565681,6.3785561743840615,10.679788653068359,1.0
scipy y 101,0.052999898083590395,20.000115320168284,7.955620552595086e-07,3.9883196961692446,6.367117296927241,10.270885513047816,1.0
gekko y 101,-0.1455192336,-19.304610709,-8.5896025969e-07,3.9883196961692446,6.367117296927241,10.270885513047816,1.0
scipy y 102,0.23633153191675138,18.398133748695425,9.145400644324092e-07,4.019777242267316,6.395335052252558,10.914215665053222,1.0
gekko y 102,-0.1455192336,-19.304610709,-8.5896025969e-07,4.019777242267316,6.395335052252558,10.914215665053222,1.0
scipy y 103,0.012599181075309586,20.37242598691056,7.779382445158661e-07,3.99622841141939,6.404239283271931,10.22635325098799,1.0
gekko y 103,-0.1455192336,-19.304610709,-8.5896025969e-07,3.99622841141939,6.404239283271931,10.22635325098799,1.0
scipy y 104,0.2553046733252031,18.29208362138275,9.272203638045704e-07,4.0268143346092895,6.401723313966674,10.991046876591236,1.0
gekko y 104,-0.1455192336,-19.304610709,-8.5896025969e-07,4.0268143346092895,6.401723313966674,10.991046876591236,1.0
scipy y 105,0.19272361442609834,19.263838271022387,8.722415458700238e-07,4.03853600672622,6.297173613901316,10.5252363023786,1.0
gekko y 105,-0.1455192336,-19.304610709,-8.5896025969e-07,4.03853600672622,6.297173613901316,10.5252363023786,1.0
scipy y 106,0.310611975299519,18.34269898058544,9.480216985942763e-07,4.051842842436702,6.341577191099658,11.041761850864615,1.0
gekko y 106,-0.1455192336,-19.304610709,-8.5896025969e-07,4.051842842436702,6.341577191099658,11.041761850864615,1.0
scipy y 107,0.020947003599264553,21.29366907366152,7.695436572400143e-07,4.058711426075387,6.313125783226186,9.986086455480422,1.0
gekko y 107,-0.1455192336,-19.304610709,-8.5896025969e-07,4.058711426075387,6.313125783226186,9.986086455480422,1.0
scipy y 108,0.01307612720658189,20.48941753727747,7.915977628911456e-07,4.042322229162511,6.454348626748851,10.293232385350036,1.0
gekko y 108,-0.1455192336,-19.304610709,-8.5896025969e-07,4.042322229162511,6.454348626748851,10.293232385350036,1.0
scipy y 109,-0.09857274808879377,21.978553003030516,7.065381463499681e-07,3.9940830929531246,6.400028735437467,9.924546198558103,1.0
gekko y 109,-0.1455192336,-19.304610709,-8.5896025969e-07,3.9940830929531246,6.400028735437467,9.924546198558103,1.0
scipy y 110,0.2593895990770998,18.376071320689974,9.354828573241441e-07,4.052403112439,6.4134425186428015,11.011562486414952,1.0
gekko y 110,-0.1455192336,-19.304610709,-8.5896025969e-07,4.052403112439,6.4134425186428015,11.011562486414952,1.0
scipy y 111,-0.04588731740816445,21.786524726767915,7.330842970088839e-07,4.031443846716735,6.354774936523065,9.92013707181565,1.0
gekko y 111,-0.1455192336,-19.304610709,-8.5896025969e-07,4.031443846716735,6.354774936523065,9.92013707181565,1.0
scipy y 112,0.1664972581261255,19.812854770625062,8.623309121103104e-07,4.084577712813438,6.301550263022424,10.402088114347992,1.0
gekko y 112,-0.1455192336,-19.304610709,-8.5896025969e-07,4.084577712813438,6.301550263022424,10.402088114347992,1.0
scipy y 113,0.12791479438723277,19.429160738065473,8.309124739034062e-07,3.986297575850593,6.3128405343457015,10.387840391936045,1.0
gekko y 113,-0.1455192336,-19.304610709,-8.5896025969e-07,3.986297575850593,6.3128405343457015,10.387840391936045,1.0
scipy y 114,0.0006228844825248809,21.06293013753096,7.862918235666413e-07,4.088720326152221,6.452229446686724,10.206440856001814,1.0
gekko y 114,-0.1455192336,-19.304610709,-8.5896025969e-07,4.088720326152221,6.452229446686724,10.206440856001814,1.0
scipy y 115,0.24671494040869055,18.444537267968258,8.977221501656865e-07,3.9831199280060114,6.307411846332314,10.785948810097906,1.0
gekko y 115,-0.1455192336,-19.304610709,-8.5896025969e-07,3.9831199280060114,6.307411846332314,10.785948810097906,1.0
scipy y 116,0.2526124788658492,19.00358788197299,9.137142515271096e-07,4.078058495966405,6.307092086575658,10.728460484037264,1.0
gekko y 116,-0.1455192336,-19.304610709,-8.5896025969e-07,4.078058495966405,6.307092086575658,10.728460484037264,1.0
scipy y 117,0.1436221031570217,19.663748565518688,8.459500138007813e-07,4.039859086302953,6.312769036415445,10.390475089236137,1.0
gekko y 117,-0.1455192336,-19.304610709,-8.5896025969e-07,4.039859086302953,6.312769036415445,10.390475089236137,1.0
scipy y 118,0.11603014239581677,20.296717284170853,8.351360546457834e-07,4.09002470118029,6.32125312972614,10.270213548930522,1.0
gekko y 118,-0.1455192336,-19.304610709,-8.5896025969e-07,4.09002470118029,6.32125312972614,10.270213548930522,1.0
scipy y 119,0.03934885173347792,20.14664694694836,8.007553830115104e-07,4.021368079310717,6.423317252736698,10.322455597926202,1.0
gekko y 119,-0.1455192336,-19.304610709,-8.5896025969e-07,4.021368079310717,6.423317252736698,10.322455597926202,1.0
scipy y 120,0.04225850853501639,20.566184255612644,7.777097577336413e-07,4.002456252349096,6.305264905119938,10.087746290714826,1.0
gekko y 120,-0.1455192336,-19.304610709,-8.5896025969e-07,4.002456252349096,6.305264905119938,10.087746290714826,1.0
scipy y 121,0.0546038435460378,20.440363634609344,8.043392043125415e-07,4.053065289157141,6.379286666231665,10.240131977804838,1.0
gekko y 121,-0.1455192336,-19.304610709,-8.5896025969e-07,4.053065289157141,6.379286666231665,10.240131977804838,1.0
scipy y 122,0.2753396709133957,18.470042675729854,9.195117784268387e-07,4.020983446841844,6.313373012133341,10.872369541016228,1.0
gekko y 122,-0.1455192336,-19.304610709,-8.5896025969e-07,4.020983446841844,6.313373012133341,10.872369541016228,1.0
scipy y 123,0.1090800526888281,20.091327309941352,8.370348877681273e-07,4.076750010923819,6.357849175797529,10.34210856096945,1.0
gekko y 123,-0.1455192336,-19.304610709,-8.5896025969e-07,4.076750010923819,6.357849175797529,10.34210856096945,1.0
scipy y 124,0.2422695575434135,18.14098355055805,9.105341224565197e-07,3.979343677028149,6.387524583467902,10.950544656789075,1.0
gekko y 124,-0.1455192336,-19.304610709,-8.5896025969e-07,3.979343677028149,6.387524583467902,10.950544656789075,1.0
scipy y 125,0.08411336358971701,20.032510798344262,8.309853499856616e-07,4.066441478285322,6.41133075911576,10.390703284782333,1.0
gekko y 125,-0.1455192336,-19.304610709,-8.5896025969e-07,4.066441478285322,6.41133075911576,10.390703284782333,1.0
scipy y 126,-0.0623272509246492,21.928775006574842,7.394901406074203e-07,4.068058270772504,6.431457684171705,10.008756681917172,1.0
gekko y 126,-0.1455192336,-19.304610709,-8.5896025969e-07,4.068058270772504,6.431457684171705,10.008756681917172,1.0
scipy y 127,0.09287432255758866,19.761813592586943,8.203047934150146e-07,4.009295153997402,6.356502741823281,10.350750624483153,1.0
gekko y 127,-0.1455192336,-19.304610709,-8.5896025969e-07,4.009295153997402,6.356502741823281,10.350750624483153,1.0
scipy y 128,0.3234183106968278,18.13730525324432,9.55966225950816e-07,4.03891488879838,6.359571596923517,11.139293326765825,1.0
gekko y 128,-0.1455192336,-19.304610709,-8.5896025969e-07,4.03891488879838,6.359571596923517,11.139293326765825,1.0
scipy y 129,-0.08824789143201327,22.268454749944002,7.277889717672565e-07,4.0755945413583365,6.45590362460091,9.98858124338216,1.0
gekko y 129,-0.1455192336,-19.304610709,-8.5896025969e-07,4.0755945413583365,6.45590362460091,9.98858124338216,1.0
scipy y 130,0.32813897922141894,18.262992008676445,9.458465429701453e-07,4.02984506409091,6.304280265373131,11.040817362310914,1.0
gekko y 130,-0.1455192336,-19.304610709,-8.5896025969e-07,4.02984506409091,6.304280265373131,11.040817362310914,1.0
scipy y 131,0.1940167053471093,18.646387205852466,8.937636269188535e-07,4.020254189706095,6.411577151935991,10.800370440352932,1.0
gekko y 131,-0.1455192336,-19.304610709,-8.5896025969e-07,4.020254189706095,6.411577151935991,10.800370440352932,1.0
scipy y 132,0.11469502803965281,19.992988593928395,8.384323554404834e-07,4.067790231049058,6.351236747827092,10.354251397461146,1.0
gekko y 132,-0.1455192336,-19.304610709,-8.5896025969e-07,4.067790231049058,6.351236747827092,10.354251397461146,1.0
scipy y 133,0.21047625015443217,19.233361230030233,8.964652882926223e-07,4.083093143541128,6.338673689716163,10.641920717525682,1.0
gekko y 133,-0.1455192336,-19.304610709,-8.5896025969e-07,4.083093143541128,6.338673689716163,10.641920717525682,1.0
scipy y 134,-1.0,20.0,2e-07,4.049323779372901,6.453623847419513,9.902034587050169,0.0
gekko y 134,-0.1455192336,-19.304610709,-8.5896025969e-07,4.049323779372901,6.453623847419513,9.902034587050169,1.0
scipy y 135,0.17729331789385525,18.442396151321525,8.896506174256432e-07,3.9961055485705415,6.4556887425456715,10.860667201686057,1.0
gekko y 135,-0.1455192336,-19.304610709,-8.5896025969e-07,3.9961055485705415,6.4556887425456715,10.860667201686057,1.0
scipy y 136,0.0339852230006747,20.634875450229977,7.838059968700434e-07,4.028041150364656,6.352681462469669,10.143368070313697,1.0
gekko y 136,-0.1455192336,-19.304610709,-8.5896025969e-07,4.028041150364656,6.352681462469669,10.143368070313697,1.0
scipy y 137,0.016792619740716257,20.4188899272444,7.810682474941405e-07,4.007063656701614,6.402363585866784,10.223703194787147,1.0
gekko y 137,-0.1455192336,-19.304610709,-8.5896025969e-07,4.007063656701614,6.402363585866784,10.223703194787147,1.0
scipy y 138,0.09751508201639847,19.596705581577453,8.316176616462247e-07,4.018036287779724,6.394570284773784,10.441839593055304,1.0
gekko y 138,-0.1455192336,-19.304610709,-8.5896025969e-07,4.018036287779724,6.394570284773784,10.441839593055304,1.0
scipy y 139,0.26239232941549173,18.436728564085268,9.243227410220968e-07,4.033644818905719,6.362999305974064,10.925417889176599,1.0
gekko y 139,-0.1455192336,-19.304610709,-8.5896025969e-07,4.033644818905719,6.362999305974064,10.925417889176599,1.0
scipy y 140,0.08140716144119356,20.056488666245347,8.28059780402245e-07,4.062821363789865,6.407075520922684,10.376095280192832,1.0
gekko y 140,-0.1455192336,-19.304610709,-8.5896025969e-07,4.062821363789865,6.407075520922684,10.376095280192832,1.0
scipy y 141,0.19370640325078614,18.755758061594534,9.020811957058943e-07,4.05109919178377,6.434546462686217,10.823972927315845,1.0
gekko y 141,-0.1455192336,-19.304610709,-8.5896025969e-07,4.05109919178377,6.434546462686217,10.823972927315845,1.0
scipy y 142,0.21767991975606302,18.837925261452458,8.930597431826681e-07,4.02909703606943,6.334188963694458,10.704067753467088,1.0
gekko y 142,-0.1455192336,-19.304610709,-8.5896025969e-07,4.02909703606943,6.334188963694458,10.704067753467088,1.0
scipy y 143,0.06236097192758727,20.684719751620698,7.930104596538818e-07,4.045074903695319,6.301688931167812,10.098677375792349,1.0
gekko y 143,-0.1455192336,-19.304610709,-8.5896025969e-07,4.045074903695319,6.301688931167812,10.098677375792349,1.0
scipy y 144,-0.04515894300615478,21.18846414466967,7.399532897966903e-07,3.9955134921118844,6.398071063892775,10.054192772698475,1.0
gekko y 144,-0.1455192336,-19.304610709,-8.5896025969e-07,3.9955134921118844,6.398071063892775,10.054192772698475,1.0
scipy y 145,0.2115058355851279,18.939943135764445,8.974768753695838e-07,4.052975067490213,6.358788980397802,10.716640353387321,1.0
gekko y 145,-0.1455192336,-19.304610709,-8.5896025969e-07,4.052975067490213,6.358788980397802,10.716640353387321,1.0
scipy y 146,0.07666188532188427,19.364001916095955,8.225685885688625e-07,3.981157659877174,6.432903785686013,10.49523794578951,1.0
gekko y 146,-0.1455192336,-19.304610709,-8.5896025969e-07,3.981157659877174,6.432903785686013,10.49523794578951,1.0
scipy y 147,0.25177602776015895,18.638372452132568,9.127727782403214e-07,4.035760110770743,6.332758450834773,10.817782003035171,1.0
gekko y 147,-0.1455192336,-19.304610709,-8.5896025969e-07,4.035760110770743,6.332758450834773,10.817782003035171,1.0
scipy y 148,0.0917236144616288,19.837859564975165,8.384447387966286e-07,4.061638919041925,6.426205059450412,10.45266666358295,1.0
gekko y 148,-0.1455192336,-19.304610709,-8.5896025969e-07,4.061638919041925,6.426205059450412,10.45266666358295,1.0
scipy y 149,0.3658381308819263,18.433537634096528,9.735037385718723e-07,4.090604833011094,6.303222091733669,11.137096878204828,1.0
gekko y 149,-0.1455192336,-19.304610709,-8.5896025969e-07,4.090604833011094,6.303222091733669,11.137096878204828,1.0
scipy y 150,-0.11239184936955159,22.024812527192772,7.063511737505169e-07,4.002677724516811,6.442468723051089,9.97540630940414,1.0
gekko y 150,-0.1455192336,-19.304610709,-8.5896025969e-07,4.002677724516811,6.442468723051089,9.97540630940414,1.0
scipy y 151,0.17761156900006586,19.03224668851485,8.659532604182706e-07,4.005847993827162,6.329040284597903,10.572788796004135,1.0
gekko y 151,-0.1455192336,-19.304610709,-8.5896025969e-07,4.005847993827162,6.329040284597903,10.572788796004135,1.0
scipy y 152,-0.07342488233247496,21.836081898648224,7.323826362767369e-07,4.044306462970851,6.438113633451255,10.019233901354909,1.0
gekko y 152,-0.1455192336,-19.304610709,-8.5896025969e-07,4.044306462970851,6.438113633451255,10.019233901354909,1.0
scipy y 153,0.2694885744481946,18.254206625007342,9.488208177597612e-07,4.062485251647672,6.445163659229119,11.111022492116314,1.0
gekko y 153,-0.1455192336,-19.304610709,-8.5896025969e-07,4.062485251647672,6.445163659229119,11.111022492116314,1.0
scipy y 154,0.2737645008784399,17.966854781210383,9.300442813824807e-07,3.9872022565603857,6.396327800074074,11.07672228860494,1.0
gekko y 154,-0.1455192336,-19.304610709,-8.5896025969e-07,3.9872022565603857,6.396327800074074,11.07672228860494,1.0
scipy y 155,0.28408493011088526,18.126665389769094,9.160642817943553e-07,3.970578255251295,6.310700137164691,10.937468539516871,1.0
gekko y 155,-0.1455192336,-19.304610709,-8.5896025969e-07,3.970578255251295,6.310700137164691,10.937468539516871,1.0
scipy y 156,0.2777855655205018,18.759590509082418,9.355662197575318e-07,4.0876401395878466,6.339304323076733,10.885994557651307,1.0
gekko y 156,-0.1455192336,-19.304610709,-8.5896025969e-07,4.0876401395878466,6.339304323076733,10.885994557651307,1.0
scipy y 157,0.2781513770904781,18.29410491419741,9.202624648739116e-07,4.001432825561849,6.3241046379675,10.921837443232032,1.0
gekko y 157,-0.1455192336,-19.304610709,-8.5896025969e-07,4.001432825561849,6.3241046379675,10.921837443232032,1.0
scipy y 158,0.16769943895204012,18.926169212395035,8.655378065970026e-07,3.9978820160518196,6.360984831505144,10.616954863311497,1.0
gekko y 158,-0.1455192336,-19.304610709,-8.5896025969e-07,3.9978820160518196,6.360984831505144,10.616954863311497,1.0
scipy y 159,0.1204079720245244,19.1735836512481,8.347654607099731e-07,3.972255595572997,6.362789078633046,10.487029128175859,1.0
gekko y 159,-0.1455192336,-19.304610709,-8.5896025969e-07,3.972255595572997,6.362789078633046,10.487029128175859,1.0
scipy y 160,0.3240144489769094,18.33634223209693,9.70040240408233e-07,4.091584240258905,6.386337508180597,11.161981668613029,1.0
gekko y 160,-0.1455192336,-19.304610709,-8.5896025969e-07,4.091584240258905,6.386337508180597,11.161981668613029,1.0
scipy y 161,0.2595020239108735,18.757940813228874,9.342031669093704e-07,4.092817383744,6.378611667048578,10.901757588282951,1.0
gekko y 161,-0.1455192336,-19.304610709,-8.5896025969e-07,4.092817383744,6.378611667048578,10.901757588282951,1.0
scipy y 162,0.11175543396312726,19.454861519894518,8.260145206046325e-07,3.9839826749588485,6.338888909126134,10.395471831700805,1.0
gekko y 162,-0.1455192336,-19.304610709,-8.5896025969e-07,3.9839826749588485,6.338888909126134,10.395471831700805,1.0
scipy y 163,0.06061352816441487,19.822391810087044,8.215531423353451e-07,4.031914339656551,6.454970696157331,10.446850728634912,1.0
gekko y 163,-0.1455192336,-19.304610709,-8.5896025969e-07,4.031914339656551,6.454970696157331,10.446850728634912,1.0
scipy y 164,0.16713932298943704,19.254458346734584,8.615252989388165e-07,4.023725507653285,6.327744494987252,10.518240161923792,1.0
gekko y 164,-0.1455192336,-19.304610709,-8.5896025969e-07,4.023725507653285,6.327744494987252,10.518240161923792,1.0
scipy y 165,0.030785448584742758,20.393521028623873,7.746210405554955e-07,3.982470870963858,6.333950441302448,10.137130966005579,1.0
gekko y 165,-0.1455192336,-19.304610709,-8.5896025969e-07,3.982470870963858,6.333950441302448,10.137130966005579,1.0
scipy y 166,0.033783097329867895,20.031125722496395,7.976345029153239e-07,4.004422431203423,6.432658611146049,10.34286355964252,1.0
gekko y 166,-0.1455192336,-19.304610709,-8.5896025969e-07,4.004422431203423,6.432658611146049,10.34286355964252,1.0
scipy y 167,-0.03522366622652615,20.93681213126436,7.497276780305345e-07,3.994667188860709,6.416259108011273,10.121515238401653,1.0
gekko y 167,-0.1455192336,-19.304610709,-8.5896025969e-07,3.994667188860709,6.416259108011273,10.121515238401653,1.0
scipy y 168,0.051032030532993725,20.775327758099763,7.918113435589246e-07,4.05532126946873,6.327919031332941,10.112451190514658,1.0
gekko y 168,-0.1455192336,-19.304610709,-8.5896025969e-07,4.05532126946873,6.327919031332941,10.112451190514658,1.0
scipy y 169,0.28225276015409223,18.14316596191889,9.524517452510617e-07,4.051440331860293,6.437523918256562,11.149694930553508,1.0
gekko y 169,-0.1455192336,-19.304610709,-8.5896025969e-07,4.051440331860293,6.437523918256562,11.149694930553508,1.0
scipy y 170,-0.00570079047528144,21.51860067911732,7.522071427578973e-07,4.043770942573515,6.317310392574152,9.934102858292645,1.0
gekko y 170,-0.1455192336,-19.304610709,-8.5896025969e-07,4.043770942573515,6.317310392574152,9.934102858292645,1.0
scipy y 171,0.023956762888378235,20.567470631348222,7.899180098447707e-07,4.041216174312401,6.410789528629356,10.229722900907388,1.0
gekko y 171,-0.1455192336,-19.304610709,-8.5896025969e-07,4.041216174312401,6.410789528629356,10.229722900907388,1.0
scipy y 172,0.17510075793780078,18.839087885190317,8.709136500093586e-07,3.9976727820450217,6.366254887705509,10.654023018569609,1.0
gekko y 172,-0.1455192336,-19.304610709,-8.5896025969e-07,3.9976727820450217,6.366254887705509,10.654023018569609,1.0
scipy y 173,0.18623877669573904,19.252768643106148,8.825005189821491e-07,4.063867914237317,6.352198497433608,10.603209899373905,1.0
gekko y 173,-0.1455192336,-19.304610709,-8.5896025969e-07,4.063867914237317,6.352198497433608,10.603209899373905,1.0
scipy y 174,0.1896260529201476,18.35904105739417,8.934464582892404e-07,3.989870918863775,6.442704048806079,10.879560241830772,1.0
gekko y 174,-0.1455192336,-19.304610709,-8.5896025969e-07,3.989870918863775,6.442704048806079,10.879560241830772,1.0
scipy y 175,0.21173532190839736,18.828164376510585,8.810789082674284e-07,4.00354793733684,6.307413345792595,10.645097598649382,1.0
gekko y 175,-0.1455192336,-19.304610709,-8.5896025969e-07,4.00354793733684,6.307413345792595,10.645097598649382,1.0
scipy y 176,0.32044976140062387,18.410828123909372,9.60732741035293e-07,4.082228150157105,6.35649862626491,11.089019881943639,1.0
gekko y 176,-0.1455192336,-19.304610709,-8.5896025969e-07,4.082228150157105,6.35649862626491,11.089019881943639,1.0
scipy y 177,0.2428145836390991,18.119997304438858,9.085894451370468e-07,3.9724761125418664,6.381126790334863,10.94379243138947,1.0
gekko y 177,-0.1455192336,-19.304610709,-8.5896025969e-07,3.9724761125418664,6.381126790334863,10.94379243138947,1.0
scipy y 178,0.2568115541082214,18.21934502282379,9.059193709117278e-07,3.971430852958804,6.330187544699549,10.881836044987816,1.0
gekko y 178,-0.1455192336,-19.304610709,-8.5896025969e-07,3.971430852958804,6.330187544699549,10.881836044987816,1.0
scipy y 179,0.1137872686538474,19.70188805147892,8.369560253722823e-07,4.034833949330749,6.362254637618977,10.406850767358469,1.0
gekko y 179,-0.1455192336,-19.304610709,-8.5896025969e-07,4.034833949330749,6.362254637618977,10.406850767358469,1.0
scipy y 180,0.02516627206991618,20.683254472636136,7.801170251281787e-07,4.026704180861038,6.363047869665834,10.141700563108976,1.0
gekko y 180,-0.1455192336,-19.304610709,-8.5896025969e-07,4.026704180861038,6.363047869665834,10.141700563108976,1.0
scipy y 181,-0.023355838464289794,21.390059987422116,7.432588796239376e-07,4.014595069378191,6.337988498758655,9.960818047062812,1.0
gekko y 181,-0.1455192336,-19.304610709,-8.5896025969e-07,4.014595069378191,6.337988498758655,9.960818047062812,1.0
scipy y 182,0.12866591409226122,19.86745261005623,8.365659999338087e-07,4.0445901268599425,6.309805742439533,10.329535925929445,1.0
gekko y 182,-0.1455192336,-19.304610709,-8.5896025969e-07,4.0445901268599425,6.309805742439533,10.329535925929445,1.0
scipy y 183,0.05062489608468014,20.167219891695506,8.065301801087347e-07,4.03326058809154,6.411031846579563,10.317749219053404,1.0
gekko y 183,-0.1455192336,-19.304610709,-8.5896025969e-07,4.03326058809154,6.411031846579563,10.317749219053404,1.0
scipy y 184,0.039359660993107386,20.537953691643743,8.055438275046449e-07,4.071861203014267,6.427099264600581,10.281688345985586,1.0
gekko y 184,-0.1455192336,-19.304610709,-8.5896025969e-07,4.071861203014267,6.427099264600581,10.281688345985586,1.0
scipy y 185,0.32286432162972734,18.40995985513737,9.554679573951139e-07,4.069802786520543,6.333972138077222,11.05729308207262,1.0
gekko y 185,-0.1455192336,-19.304610709,-8.5896025969e-07,4.069802786520543,6.333972138077222,11.05729308207262,1.0
scipy y 186,0.12766438974255703,18.928995697416234,8.6055060399028e-07,4.004106367942356,6.453825486983653,10.683300124758041,1.0
gekko y 186,-0.1455192336,-19.304610709,-8.5896025969e-07,4.004106367942356,6.453825486983653,10.683300124758041,1.0
scipy y 187,0.3361354743150398,18.15790707505031,9.597733917194e-07,4.043382475037938,6.343935977533203,11.14899998970986,1.0
gekko y 187,-0.1455192336,-19.304610709,-8.5896025969e-07,4.043382475037938,6.343935977533203,11.14899998970986,1.0
scipy y 188,0.22885444293243729,18.36339639622107,8.982014183892047e-07,3.9832219155874897,6.3590758172843564,10.837025642928289,1.0
gekko y 188,-0.1455192336,-19.304610709,-8.5896025969e-07,3.9832219155874897,6.3590758172843564,10.837025642928289,1.0
scipy y 189,0.3003152862150934,18.246975010492687,9.667442633400201e-07,4.08533406480045,6.435310229378137,11.186142756702914,1.0
gekko y 189,-0.1455192336,-19.304610709,-8.5896025969e-07,4.08533406480045,6.435310229378137,11.186142756702914,1.0
scipy y 190,0.12067463197705763,19.512164785157864,8.366752142784347e-07,4.011737374963974,6.350974188094757,10.42562855500621,1.0
gekko y 190,-0.1455192336,-19.304610709,-8.5896025969e-07,4.011737374963974,6.350974188094757,10.42562855500621,1.0
scipy y 191,0.07259111552937399,20.311660739207024,8.235366850139435e-07,4.080924336691051,6.405228007514796,10.326688675987214,1.0
gekko y 191,-0.1455192336,-19.304610709,-8.5896025969e-07,4.080924336691051,6.405228007514796,10.326688675987214,1.0
scipy y 192,0.015099531081195808,20.8673564160161,7.935249381452127e-07,4.0829506548585295,6.442556022131133,10.232820880971179,1.0
gekko y 192,-0.1455192336,-19.304610709,-8.5896025969e-07,4.0829506548585295,6.442556022131133,10.232820880971179,1.0
scipy y 193,0.020374725518128325,20.55148097353767,7.632691081878004e-07,3.9723557550362263,6.313220055075145,10.070927313917934,1.0
gekko y 193,-0.1455192336,-19.304610709,-8.5896025969e-07,3.9723557550362263,6.313220055075145,10.070927313917934,1.0
scipy y 194,0.09921743256085967,20.043360673826665,8.35734012025751e-07,4.072831468375196,6.38411198863259,10.372420586731492,1.0
gekko y 194,-0.1455192336,-19.304610709,-8.5896025969e-07,4.072831468375196,6.38411198863259,10.372420586731492,1.0
scipy y 195,0.2477966418979042,18.606126314070043,9.208545441977334e-07,4.051780320482484,6.372935459929194,10.879741290326692,1.0
gekko y 195,-0.1455192336,-19.304610709,-8.5896025969e-07,4.051780320482484,6.372935459929194,10.879741290326692,1.0
scipy y 196,0.03759817808963294,19.902879696330867,7.997873509166954e-07,3.99558383558338,6.435098427038475,10.36801694187633,1.0
gekko y 196,-0.1455192336,-19.304610709,-8.5896025969e-07,3.99558383558338,6.435098427038475,10.36801694187633,1.0
scipy y 197,0.2454550546566563,18.489423552646464,9.087452537225572e-07,4.013089664007419,6.3455745482192825,10.841928771712173,1.0
gekko y 197,-0.1455192336,-19.304610709,-8.5896025969e-07,4.013089664007419,6.3455745482192825,10.841928771712173,1.0
scipy y 198,0.10128375044969568,19.776731150581977,8.4663103272595e-07,4.071095446716034,6.431980493150046,10.487452662857116,1.0
gekko y 198,-0.1455192336,-19.304610709,-8.5896025969e-07,4.071095446716034,6.431980493150046,10.487452662857116,1.0
scipy y 199,-0.022988373064931893,21.83917417725915,7.517721390350646e-07,4.078603627801246,6.36136660295172,9.948153122519994,1.0
gekko y 199,-0.1455192336,-19.304610709,-8.5896025969e-07,4.078603627801246,6.36136660295172,9.948153122519994,1.0
